,Reference,Sage 2.0,NAGL-MBIS-refit,Id
6315,0.7866000000000002,0.7635933542004932,0.7774559704124266,6315
6316,0.6208900000000002,0.6091129133954462,0.6021144348084382,6316
6317,1.0764700000000005,1.076086843141785,1.0816923291838343,6317
6318,1.0332000000000003,1.0251324418401118,1.0358155877471709,6318
6319,0.9141500000000002,0.9559903449858516,0.9416818191293748,6319
6320,0.93618,0.9569219420800334,0.9370688361809052,6320
6321,1.6918700000000002,1.6690811965048458,1.6944336975827572,6321
6322,1.0230000000000004,1.0117197220009593,1.0063895281108295,6322
6323,0.7228140000000002,0.7323196945019342,0.7178167844748234,6323
6324,0.7805660000000002,0.8226826311452566,0.8281422706699247,6324
6325,0.9270100000000002,0.9341886132771912,0.9464630381710588,6325
6326,0.9363,0.9054529874481192,0.9080113209518584,6326
6327,0.9822000000000004,1.0033327440934692,0.98557571808872,6327
6328,0.7738000000000002,0.7628945845935865,0.7556449125476865,6328
6329,0.9659000000000002,0.9819059204662138,0.9925303310031444,6329
6330,0.9828500000000002,0.983479972852848,0.9866732250813468,6330
6331,0.94381,0.9271799640210938,0.9085735150447412,6331
6332,0.7995500000000001,0.7871289848018779,0.7883995600061373,6332
6333,1.0117900000000002,1.0689739394062443,1.073008933155558,6333
6334,1.0932210000000002,1.1088221620525514,1.1089190828453364,6334
6335,1.1209900000000004,1.1315885751579375,1.1399334199608953,6335
6336,0.8646000000000003,0.8700138577904878,0.858992088726279,6336
6337,2.1691370000000005,2.1149529056693126,2.1480769584585855,6337
6338,0.7650200000000001,0.7668928698365439,0.7630816616124929,6338
6339,0.6879000000000002,0.7115964709452982,0.7172522801033532,6339
6340,0.9893000000000002,0.9793286549836278,0.9760737324210708,6340
6341,0.91417,0.9446706338332276,0.9376905648612665,6341
6342,0.9942800000000002,1.0763454033814248,1.078730111710056,6342
6343,0.9942800000000002,1.0178560718282548,1.0083794585271777,6343
6344,0.9988000000000002,0.9989998760799864,0.9788819331667132,6344
6345,1.0713,1.086247183673834,1.0860378881952928,6345
6346,1.0590000000000002,1.10044458739925,1.0876262434421349,6346
6347,1.0282300000000002,1.0074491813021274,0.9983438054138114,6347
6348,1.9702200000000003,1.9068993922041064,1.9436378833288308,6348
6349,1.8194400000000004,1.7792442800222492,1.8105391106047368,6349
6350,0.8998000000000002,0.9556415215370953,0.932172712246228,6350
6351,0.9398000000000002,0.9460276725273308,0.950915298976814,6351
6352,0.9526100000000004,0.9478165170902167,0.9512392496356042,6352
6353,0.8715330000000002,0.8708814650696282,0.8760250012053282,6353
6354,0.7182300000000001,0.7392696826333578,0.747460508166318,6354
6355,0.8370960000000002,0.8682477283038597,0.8848064921079138,6355
6356,0.9498700000000002,0.9506801061806602,0.95697134035709,6356
6357,0.9476200000000002,0.9310341466809028,0.9243102509763356,6357
6358,0.9855000000000004,1.0047531124476166,0.9524097098036964,6358
6359,0.8486400000000002,0.8378290889836587,0.837620511539591,6359
6360,1.2585200000000003,1.265571695602785,1.2781572445987834,6360
6361,0.9663800000000002,0.994201254757002,0.9772707234296092,6361
6362,0.8735700000000003,0.864712181495003,0.8728151845578452,6362
6363,0.7359900000000001,0.7475692003680046,0.7555220566755311,6363
6364,1.0496030000000005,1.0617855333589217,1.0711305516665195,6364
6365,1.0414000000000003,1.0395593655177326,1.0428028298900904,6365
6366,1.2463700000000002,1.2148599358017336,1.2318279615947174,6366
6367,1.13332,1.123461070696537,1.1398665838454616,6367
6368,1.0173,1.0657803607383385,1.059835998130452,6368
6369,1.26683,1.2321154388370597,1.2416902772614895,6369
6370,1.1008000000000002,1.1060392182247147,1.1142809513492806,6370
6371,1.0442000000000002,1.0368598380636818,1.0196631984015312,6371
6372,0.8386800000000002,0.8211991693209296,0.8271939803662629,6372
6373,0.7605700000000002,0.7685481059700872,0.7713765729172761,6373
6374,0.9455480000000004,1.0453224851478684,1.0400854583338304,6374
6375,0.8808170000000002,0.9069325931823908,0.8828442761306045,6375
6376,0.8126200000000002,0.8363433246137378,0.8233300238281624,6376
6377,0.9181900000000004,0.9269143829468688,0.9324016045495408,6377
6378,0.7400000000000002,0.7232326523118865,0.7148142254653937,6378
6379,0.8691400000000002,0.8662051782371163,0.8658943201003196,6379
6380,0.9273600000000002,0.9969957524646184,0.9886953912711072,6380
6381,0.9406700000000002,0.958276007755051,0.9583509642508284,6381
6382,0.6693400000000002,0.6509749261661059,0.6490997128321814,6382
6383,0.9960000000000002,1.043828123101615,1.029784975988716,6383
6384,1.1783400000000002,1.1701287003038174,1.183712476985603,6384
6385,0.9038110000000004,0.8926368590939321,0.8671261169718192,6385
6386,0.8581580000000002,0.8630852946368621,0.8396537650311283,6386
6387,0.8260470000000002,0.8447106983138607,0.8270552453785435,6387
6388,0.9590000000000002,0.9428380306390934,0.9179664408070688,6388
6389,0.9237220000000002,0.9254451652310636,0.8993152028789627,6389
6390,0.8989030000000002,0.9095290324782408,0.8921750583829464,6390
6391,-2.587,-1.4207803568895478,0.4548449424658217,6391
6392,-2.575,-1.744615434985988,0.7580356509193606,6392
6393,-1.247,-0.8036294417778862,0.4246198494139719,6393
6394,0.9615690000000002,0.9237516510243952,0.906157224915666,6394
6395,-2.185,-0.6948363328723399,0.555263791815019,6395
6396,-2.504,-1.3974683991385746,0.7486692154091941,6396
6397,-1.75,-1.2353226551856975,0.6954323332046073,6397
6398,1.0301000000000002,1.0045847199356217,1.0091473912302846,6398
6399,1.0416,1.0196243123248754,1.0273014373131324,6399
6400,1.0360000000000005,1.023826869450999,1.0330356618467813,6400
6401,1.0522550000000004,1.040749163671542,1.0280356312451613,6401
6402,1.048636,1.048340712071388,1.0372115108485682,6402
6403,1.0405100000000005,1.049863082844732,1.0425689036375445,6403
6404,-2.271,-0.8938657833247703,0.3060275960044087,6404
6405,-2.072,-1.1461207448147943,0.107921623513107,6405
6406,-1.154,-0.7200200126860921,-0.1249003355566884,6406
6407,0.9960300000000002,0.9825438805013832,0.9701778760178822,6407
6408,0.9688100000000002,0.9731738075423676,0.953847027492632,6408
6409,0.9466300000000002,0.961266758710553,0.943256955890236,6409
6410,-2.243,-1.0631170181158582,-0.4145327713838886,6410
6411,-2.508,-1.7219826772616995,-0.6729605324776742,6411
6412,-1.219,-1.096780086573503,-0.369671321715785,6412
6413,1.0810000000000002,1.0825227409358116,1.0770851958158243,6413
6414,1.0880000000000003,1.099220935540932,1.0909795224769878,6414
6415,1.0963670000000003,1.106333039946702,1.106059614750183,6415
6416,-2.079,-2.5215842677321163,-0.8725711329291919,6416
6417,-1.916,-2.2352569690577297,-1.1745716946081188,6417
6418,-1.091,-1.3233575628365912,-0.8969428934476156,6418
6419,1.0747210000000005,1.0648017209757397,1.0631762320711322,6419
6420,-1.289,-1.8081297231895304,-0.2749235984029123,6420
6421,-1.221,-2.652148103886688,-0.986929815701714,6421
6422,-0.839,-1.71389771109844,-0.8479818640542618,6422
6423,0.7005900000000002,0.722124319322405,0.7296080377584473,6423
6424,0.6937500000000002,0.7158607965490934,0.7233109759958825,6424
6425,0.7090800000000002,0.7292173096321345,0.738137760397968,6425
6426,0.132161,0.2796942836073128,0.2093642421071138,6426
6427,0.197047,0.3735133418126395,0.2604344896967347,6427
6428,0.158983,0.2109122188754355,0.1920806489250424,6428
6429,1.0958900000000005,1.0832053950710787,1.0959139271217,6429
6430,1.1070700000000002,1.1024303510995532,1.1160499503658226,6430
6431,1.1111900000000003,1.111791039053794,1.126620818665165,6431
6432,-0.521,0.1166893356482603,-0.2305367846308996,6432
6433,-1.245,-0.0209460203954812,-0.638783179226742,6433
6434,-1.149,-0.0511658104308452,-0.5771406076307244,6434
6435,0.9013100000000002,0.88501946837033,0.892676995817149,6435
6436,0.8030100000000002,0.817507074976126,0.824591194255239,6436
6437,0.8388000000000001,0.8394056329826001,0.8485778600505341,6437
6438,-0.3026,0.7134466073851584,0.3739972482814551,6438
6439,0.1916,1.2735685044657892,0.5139476246027641,6439
6440,0.3259,1.061873336612269,0.4768995417303756,6440
6441,0.7933000000000001,0.8060866076028669,0.8062632859270636,6441
6442,0.8018000000000002,0.8182436048158683,0.811976504792007,6442
6443,0.8048000000000002,0.820077842004922,0.8132424532311224,6443
6444,-0.7056,-0.60131607650791,-0.3249069762005376,6444
6445,-0.95,-1.0749489092043394,-0.47359492864922,6445
6446,-0.7709,-0.6963616701703366,-0.2409204660492037,6446
6447,0.9676900000000004,0.9814148754816996,0.991134279628055,6447
6448,0.9706400000000002,0.9825282239390332,0.9887420512932632,6448
6449,0.9755600000000002,0.9833623872717256,0.9875237948257254,6449
6450,-1.7662,-0.1325508680365743,0.6420689510724458,6450
6451,-2.649,-0.0578623987609887,0.804346358548429,6451
6452,-1.6452,-0.0503419417468933,0.4920144741834917,6452
6453,1.1044310000000004,1.072021553402955,1.0751637911175254,6453
6454,1.0977070000000004,1.063297302714299,1.06559518823675,6454
6455,1.077068,1.0424079015464498,1.0434056578909614,6455
6456,-0.5238,0.8874953389731459,0.5960918236979893,6456
6457,-0.8384,1.1071754312723812,0.8968293715213491,6457
6458,-0.678,1.0403654371502142,0.7042642804245389,6458
6459,0.9583800000000002,0.9417590157619352,0.93235545420887,6459
6460,0.8757100000000002,0.8616777912508192,0.8532061267748774,6460
6461,0.8287300000000002,0.8158547361279472,0.8084167015086398,6461
6462,1.1998,1.6731947876661906,1.635551517719989,6462
6463,1.4691,1.934813095946453,1.9467120607741035,6463
6464,1.2061,1.597420686672777,1.5464338250956189,6464
6465,0.9163300000000004,0.9043925809779848,0.9062779935461076,6465
6466,0.9684700000000004,0.9532790963161332,0.95023180938653,6466
6467,1.0204500000000003,1.0006985529970025,0.9918634344379278,6467
6468,-0.3684,-0.2707409274721897,-0.2839999451474,6468
6469,-0.4943,-0.2290420274248958,-0.2392907418242487,6469
6470,-0.3841,-0.1513123980630411,-0.1891054754457855,6470
6471,0.9415400000000002,0.926835421447158,0.925163276688217,6471
6472,0.9061600000000002,0.8948728886147276,0.898063915645741,6472
6473,0.9854500000000004,0.9675159698257272,0.9628764275340964,6473
6474,-0.1889,-0.0687270699122279,-0.1806117009770815,6474
6475,-0.2985,-0.0818748711447483,-0.2185842662736377,6475
6476,-0.2141,-0.039641449064689,-0.1691116988814371,6476
6477,0.8030000000000002,0.8173956767876749,0.812000313742739,6477
6478,0.7987300000000002,0.8077796561644038,0.8082050407253886,6478
6479,0.7968700000000002,0.8024655228751731,0.8049861942113442,6479
6480,0.8181,0.0300927330404157,0.2054206403055332,6480
6481,1.3674,0.2510754205016496,0.2835420905151977,6481
6482,1.2068,0.2361401854370228,0.3320057617892189,6482
6483,0.8771300000000002,0.8791252726703037,0.8657968865711486,6483
6484,0.90329,0.8902001715382587,0.8765170852839864,6484
6485,0.9379600000000002,0.9133622230460612,0.9014324733701424,6485
6486,-1.4628,-0.539104596519806,0.3720812826280593,6486
6487,-2.1379,-0.9295764839996572,0.2706150102899798,6487
6488,-1.9642,-0.6349117785033964,0.1302947308800153,6488
6489,1.0013300000000005,0.9982923727777212,0.9544616897001936,6489
6490,0.9464100000000002,0.9764065819871542,0.9393229930158764,6490
6491,0.9223100000000002,0.968370968933168,0.9365792326898464,6491
6492,-4.495,-3.2239811918147723,-0.031596050250144,6492
6493,-3.547,-2.6022394523439516,0.1644212905998898,6493
6494,-1.753,-1.1344059216353628,0.1748782620412328,6494
6495,0.91866,0.9214442054331418,0.917019381711758,6495
6496,0.9459860000000002,0.954255975960024,0.9485478551523008,6496
6552,0.60308,0.9767845673622872,0.9085765888169136,6552
6497,0.9734540000000002,0.9904543009442224,0.9827935196230096,6497
6498,-0.3658,-0.194537039824489,-0.3149338258573522,6498
6499,-0.5715,-0.2604393054280933,-0.5040557754407331,6499
6500,-0.4892,-0.3252851106741445,-0.5462042405760599,6500
6501,1.0015600000000002,1.0159852826110345,1.003618056369166,6501
6502,0.9991050000000002,1.0189798315969074,1.0078483841033543,6502
6503,0.9935880000000002,1.0026324478399602,0.9875899058421056,6503
6504,-0.6685,-1.9565752363571536,-1.0877282084726616,6504
6505,-0.7563,-2.444998399484682,-1.2997294917761335,6505
6506,-0.4044,-1.701053613116045,-0.7967086456391712,6506
6507,0.9563590000000004,0.95376530802711,0.94054084071223,6507
6508,0.9250360000000002,0.923065593515738,0.9124109386121766,6508
6509,0.9023610000000002,0.9004329295847097,0.8933180288836092,6509
6510,0.1556,0.2856318825551209,0.1568648611340748,6510
6511,0.3231,0.570877190219317,0.3164546572455435,6511
6512,0.2521,0.5884953496197483,0.3639612733771855,6512
6513,0.7105500000000001,0.6947291658699408,0.6884368693291508,6513
6514,0.6838300000000002,0.6691150227791142,0.6626048771360253,6514
6515,0.7392000000000002,0.7279447106151792,0.721027572637072,6515
6516,0.1264,0.2531318134805076,0.1887062177343921,6516
6517,0.2144,0.366661781980838,0.4132946633481253,6517
6518,0.199,0.3115747052114415,0.3195296801807217,6518
6519,0.7110900000000002,0.7054534637591959,0.6994445779639656,6519
6520,0.7250300000000002,0.7167506181927853,0.71082129528158,6520
6521,0.7509700000000002,0.7400868168433898,0.733130062825688,6521
6522,0.23,0.3756237641949838,0.5017779034920125,6522
6523,0.258,0.5063700320112332,0.5526926315915262,6523
6524,0.18,0.3929439777375023,0.3594668297632211,6524
6525,0.6967900000000001,0.7175631018029243,0.7226768471664881,6525
6526,0.7110500000000001,0.7290012643942486,0.7339516547691075,6526
6527,0.7605800000000003,0.7658362138612341,0.7724262780436508,6527
6528,0.634022,0.945841357660953,1.1118826940105464,6528
6529,0.638973,1.0612336209203903,0.8985758941517616,6529
6530,0.197762,0.1420074277229162,0.433371123533977,6530
6531,0.8136000000000002,0.8020312426641971,0.8021460469323471,6531
6532,0.8405780000000002,0.8306928461668808,0.8336811423876909,6532
6533,0.7929200000000002,0.7817915619784317,0.7779171526995049,6533
6534,0.5517,0.6871582611431393,0.7708183274896783,6534
6535,0.7893,1.0081982024293268,1.0843279762794111,6535
6536,0.6282,0.7977198169015765,0.8863855927863256,6536
6537,0.7952000000000002,0.7862979969728823,0.7787598945853964,6537
6538,0.8211500000000002,0.8143924497303863,0.8087383074075581,6538
6539,0.8470300000000002,0.8428630636774547,0.8370071481607698,6539
6540,0.4424,0.5964753182267373,0.510676593638351,6540
6541,0.3613,0.5335258891011989,0.5241752785903202,6541
6542,0.526,0.6324382244738445,0.6128466395836369,6542
6543,1.8698300000000003,1.8510696043961408,1.8696951936886572,6543
6544,1.5742900000000004,1.5790911855752052,1.584235731917976,6544
6545,1.2851500000000005,1.3059363576369205,1.30545669265969,6545
6546,0.3604,0.1654219096984519,0.0028225072351517,6546
6547,0.404,0.13842996177857,-0.0771803372695103,6547
6548,0.2492,0.0526198635733976,0.0225524188946764,6548
6549,0.8572100000000002,0.8570030095855986,0.8549684161241546,6549
6550,0.9322200000000004,0.9332234565374452,0.934742092625728,6550
6551,1.0138600000000002,1.0187360675234982,1.0235424074401278,6551
6553,0.73252,1.2219066924392197,1.1498980246475838,6553
6554,0.55438,0.8281969021620839,0.7792489805624001,6554
6555,1.002592,1.0451000378145237,1.046651582892489,6555
6556,0.9936870000000002,1.0223304766537775,1.0237657694683735,6556
6557,0.9825660000000004,0.9955802179934246,0.9963641134996822,6557
6558,0.612,0.4094100698322336,1.0670407375685471,6558
6559,0.824,0.8554362829381006,1.4131914599072388,6559
6560,0.779,0.8904500327921312,1.3921129729341288,6560
6561,1.0161020000000005,1.0325558399128472,1.028491113195643,6561
6562,1.0044450000000005,1.0201135338101277,1.0184931985454115,6562
6563,0.9906030000000002,1.0021456562727566,1.0029179745790302,6563
6564,-0.032,0.0236738156527991,1.068716939663588,6564
6565,-0.12,-0.7878428318694546,0.9445684392521372,6565
6566,-0.093,-0.3855039482701556,1.1118588765608308,6566
6567,0.9921000000000002,0.9648057458863328,0.9628659043007288,6567
6568,0.9797000000000002,0.956430534120369,0.9568579160998524,6568
6569,0.9690000000000002,0.9550035916957688,0.9552888234528044,6569
6570,0.8654400000000002,0.8802530336100209,0.8838608119966991,6570
6571,0.9375600000000002,0.941170776201643,0.9412342854021574,6571
6572,0.9823500000000004,0.977890895545358,0.9753934737018524,6572
6573,1.1352,0.7951071061083574,0.908704307904486,6573
6574,1.5703,1.192359767367563,1.2681441108070717,6574
6575,1.3758,0.8916274821021801,1.0708248524269628,6575
6576,1.0652000000000004,1.0938238773130395,1.087515668575182,6576
6577,1.0694000000000004,1.0883406511016502,1.086536485403588,6577
6578,1.0630000000000002,1.0713615838042816,1.07320381104434,6578
6579,0.313,0.3178623882749605,0.0864499358109185,6579
6580,0.393,0.3304107593699257,0.1491261307635341,6580
6581,0.272,0.3465272588648815,0.0852212555087419,6581
6582,1.0536,1.0618501984789492,1.0623994073518792,6582
6583,1.0674000000000003,1.0702332568397008,1.0746626846523997,6583
6584,1.0256,1.0385130054677094,1.0358025835541815,6584
6585,0.244,0.1367361860232847,0.1306717650022619,6585
6586,0.356,0.3369831105987373,0.233896776313685,6586
6587,0.206,0.2123830656028928,0.1373826804571081,6587
6588,0.9336500000000002,0.932846858808115,0.9298090146285564,6588
6589,0.9931600000000002,0.9925494586283018,0.9931056056385652,6589
6590,1.0396,1.038962900568127,1.042699450450219,6590
6591,-0.154,-0.2563339811680407,-0.21632065596404,6591
6592,-0.22,-0.2975902238942325,-0.3260507029406483,6592
6593,-0.175,-0.2479139588247392,-0.228808918251417,6593
6594,0.9525650000000004,0.9560447693180844,0.9576625361691404,6594
6595,0.9124250000000002,0.9139849557374776,0.9125152755852508,6595
6596,0.8933350000000002,0.8939064754010217,0.8899174924618485,6596
6597,0.0898,0.0938930954065568,-3.0412225086706712e-05,6597
6598,0.1573,-0.017157134380966,-0.0032024926577349,6598
6599,0.1564,0.0164281494138407,0.0588788205867274,6599
6600,0.9261620000000004,0.9307269759629138,0.9331243075120532,6600
6601,0.910915,0.914372116066216,0.914061138223048,6601
6602,0.8802920000000002,0.8807029602705346,0.8758856208741232,6602
6603,0.1057,0.0289243513294437,-0.0632141108153732,6603
6604,0.1728,-0.0171603606870789,-0.0181976902046479,6604
6605,0.1352,0.0666692867031457,-0.0523807432140586,6605
6606,0.9348570000000002,0.9309105536918818,0.933343049517084,6606
6607,0.9179640000000002,0.9154640217934488,0.9157995813562296,6607
6608,0.8976640000000002,0.8959356736018175,0.893691754503985,6608
6609,0.1036,0.0051176364700751,0.0486255803565995,6609
6610,0.1271,0.0072494179524085,0.027458610567919,6610
6611,0.0924,0.0080614232952598,-0.053794688797069,6611
6612,0.9329390000000002,0.9327705019873976,0.9374410927131068,6612
6613,0.9162950000000002,0.9157241418795176,0.9177892875738944,6613
6614,0.8827950000000002,0.8811853602766311,0.8774674231759638,6614
6615,0.0975,0.108102433945703,0.0727317541644936,6615
6616,0.1741,0.068411530290696,0.0292011024756284,6616
6617,0.0948,0.0252829580416289,-0.0028078955886883,6617
6618,0.8299700000000002,0.8265922294911803,0.8345720127073137,6618
6619,0.7849200000000002,0.7914265915813756,0.8000182507168584,6619
6620,0.7573100000000001,0.7695711619206691,0.7786205928402086,6620
6621,0.0593,-0.0335579033141186,-0.0988557162886714,6621
6622,0.0323,-0.1147466475490119,-0.083550417063229,6622
6623,-0.0091,-0.0790030192354862,-0.0562821669444701,6623
6624,0.7440910000000002,0.758829828228575,0.7670655187658066,6624
6625,0.7925060000000002,0.7964071632288116,0.8030634093744649,6625
6626,0.8263210000000002,0.8220928210715859,0.8276449746473759,6626
6627,-0.0732,-0.1120075620940781,-0.115264241838318,6627
6628,-0.0954,-0.1481776817696385,-0.1757603760240016,6628
6629,-0.0785,-0.0944554057827673,-0.1648283157602108,6629
6630,0.7878250000000002,0.7996203596547888,0.8063518324122655,6630
6631,0.8355300000000002,0.8399117976678795,0.8464553312313728,6631
6632,0.7293950000000001,0.7489015641233838,0.7571666087206379,6632
6633,-0.0302,-0.0582062339577333,-0.0055504340350296,6633
6634,-0.0957,-0.2549810478507197,-0.0970975654416719,6634
6635,-0.0791,-0.2253112767978677,-0.095272513857445,6635
6636,0.7376660000000003,0.7601460859367227,0.7696268643301102,6636
6637,0.7723510000000002,0.7974538561166634,0.8105072575146621,6637
6638,0.7971450000000002,0.8242791760826422,0.8380606144206922,6638
6639,0.007,-0.0340977713577927,0.0253036735175555,6639
6640,0.0071,-0.0197074493500721,-0.0424414952641711,6640
6641,0.0035,-0.0346839215612959,-0.0680448287179729,6641
6642,0.9848000000000002,0.9611194108822928,0.9618958293145228,6642
6643,0.9704000000000004,0.9548973471206664,0.957046676805827,6643
6644,0.9614000000000004,0.9521272191340652,0.9562995168828656,6644
6645,0.8305800000000002,0.8272110914331013,0.8202108213210357,6645
6646,0.8769800000000002,0.8790556507995516,0.8733658968328551,6646
6647,0.9312200000000004,0.9395421910072174,0.9338192857508284,6647
6648,1.262,1.6006034187609828,1.5497060385528982,6648
6649,1.588,1.9878062952209348,1.8283614319917376,6649
6650,1.124,1.4212805284537635,1.3719821915443902,6650
6651,0.9305900000000004,0.9137509070895397,0.9083237884264252,6651
6652,0.9160300000000002,0.9029984051333966,0.8977328742654653,6652
6653,0.9000800000000002,0.8919736286320441,0.8866372802630738,6653
6654,0.05827,0.0718110152286044,0.0885377534251148,6654
6655,0.08658,0.153018096899089,0.1213162987967422,6655
6656,0.07698,0.0686029096455342,0.0478360418947829,6656
6657,0.9594500000000002,0.9479046966698986,0.9422333009187396,6657
6658,0.9775400000000002,0.9724127335517904,0.9682142068679396,6658
6659,1.0030000000000003,1.0079441293928606,1.0035748772396893,6659
6660,0.20076,0.1477459778927397,-0.0057044088839433,6660
6661,0.28584,0.1964563106410821,0.0805176305312045,6661
6662,0.23662,0.1910918172215474,0.153575025723569,6662
6663,0.9616800000000002,0.9503712567058356,0.9451738346130314,6663
6664,0.9994100000000002,1.0043168345909157,0.9993361014096684,6664
6665,0.9737000000000002,0.9720988302213736,0.9668968988087844,6665
6666,0.0783,0.0459814425114899,0.1696841319580926,6666
6667,0.1032,0.0890194828025983,0.1644445552454954,6667
6668,0.0694,0.19428593882526,0.2024011613629284,6668
6669,1.9319600000000008,1.9044805687531867,1.9236614947030255,6669
6670,1.6620300000000003,1.6597825901876964,1.6628244172858846,6670
6671,1.06428,1.0893105060118535,1.074757690984769,6671
6672,0.653,0.3991217579503576,0.2143602896306333,6672
6673,0.8123,0.6076277525364837,0.2478465176233442,6673
6674,0.1715,0.1596317496791961,0.0025965082922283,6674
6675,1.8774400000000004,1.848668362852968,1.877411883769927,6675
6676,1.5834900000000005,1.5725462552150438,1.595986352336073,6676
6677,1.2862400000000005,1.2871945964083162,1.3041567799539358,6677
6678,0.2594,-0.097964137320762,-0.1903840014635314,6678
6679,0.2577,-0.121905584420487,-0.2310543610584012,6679
6680,0.1202,-0.1006582556357393,-0.1269392422633757,6680
6681,1.7174300000000005,1.6797009244764536,1.7096353473194703,6681
6682,1.5338800000000006,1.512556725675266,1.538024166716585,6682
6683,1.2277600000000002,1.2253607150731252,1.2434957020677089,6683
6684,0.313,0.1926287702546503,0.1783467104813496,6684
6685,0.3912,0.2794051317329682,0.1576235285505793,6685
6686,0.2115,0.1996507323039402,0.1719354230859551,6686
6687,1.7949900000000003,1.7693353220188164,1.7903533710849615,6687
6688,1.4941800000000005,1.4801996623404734,1.494400806974812,6688
6689,1.2059400000000002,1.1997951658912636,1.209016361421099,6689
6690,0.09,-0.2312356084331703,-0.3549298868311155,6690
6691,0.0195,-0.3706192319926522,-0.499505369571807,6691
6692,-0.0281,-0.243106518954697,-0.331032927216782,6692
6693,1.0297000000000005,1.0307605122233017,1.020058813184243,6693
6694,1.0502000000000002,1.0508287227601674,1.046940071803663,6694
6695,1.0661000000000005,1.0661241437372473,1.0680748540217546,6695
6696,0.374,0.4447415233227882,0.2073565845816389,6696
6697,0.49,0.6032804924344646,0.216800058193229,6697
6698,0.379,0.6622571345776009,0.3524296969651743,6698
6699,0.9898800000000002,0.977732533595404,0.966942028927788,6699
6700,1.0247000000000004,1.0178006957930106,1.013194406638419,6700
6701,1.0415000000000003,1.0371517427788586,1.0379976743888568,6701
6702,0.436,0.0581468655560684,0.0407550542140882,6702
6703,0.545,0.1776307158094425,0.0485524648770478,6703
6704,0.373,0.2321899718559024,0.027052106768906,6704
6705,0.8045220000000003,0.7995772824554549,0.7959457713685002,6705
6706,0.8027400000000002,0.790399913686196,0.7880929777699203,6706
6707,0.8015550000000001,0.7848466849028263,0.7839163151041344,6707
6708,1.177,0.6889335748188827,0.8492447603103361,6708
6709,1.467,0.8218131888585773,0.9648683975698732,6709
6710,1.123,0.5257317099532131,0.6860340690873983,6710
6711,0.6892400000000002,0.6832365710942563,0.6781599706168916,6711
6712,0.7409000000000001,0.7320943570433407,0.7312274531938711,6712
6713,0.7855000000000002,0.7751376118245011,0.7779132794955187,6713
6714,0.6047,0.72168756828097,0.8746025784840015,6714
6715,0.9235,1.09426335790738,1.3267988002123443,6715
6716,0.7775,0.8983954817424831,1.1126636685554845,6716
6717,0.7117300000000002,0.7267427339382262,0.7289215185124721,6717
6718,0.7348100000000001,0.742934317657367,0.7421666307668048,6718
6719,0.7497500000000001,0.7531216724574001,0.7502644330564415,6719
6720,0.10948,0.173610904012321,0.4663030160783918,6720
6721,0.11538,0.2511950284372517,0.1238067659140256,6721
6722,0.07397,0.1677013604095805,0.0743426759532894,6722
6723,1.0222800000000003,1.0222417452618209,1.0190888390997317,6723
6724,1.0318300000000002,1.07580878923055,1.075291194419709,6724
6725,1.0370100000000002,1.065536609307407,1.052859446888267,6725
6726,-1.713,-1.0068257991049734,-0.4149468661575319,6726
6727,-1.711,-1.8068258151377847,-0.8794799144267245,6727
6728,-4.15,-3.2137258051427153,-1.5617776085508623,6728
6729,1.1777100000000005,1.1661153732230758,1.1762627472477845,6729
6730,1.1269600000000004,1.126578636979953,1.1303749596118564,6730
6731,1.0461600000000004,1.062104191886377,1.054834613376803,6731
6732,0.0793,0.48747629351368,0.2613457440542959,6732
6733,0.1028,0.5416550203621817,0.2646175378358464,6733
6734,0.0733,0.4449816900624874,0.3094003012581368,6734
6735,1.1395000000000002,1.137762670790219,1.146071239826173,6735
6736,1.08831,1.0965381689594222,1.0968955211001918,6736
6737,1.03754,1.0553262779986932,1.0483935439588972,6737
6738,0.2064,0.4868411963341472,0.2387273290078155,6738
6739,0.3503,0.7250925230044913,0.4844281020384926,6739
6740,0.2841,0.5711766273921732,0.3015493738839438,6740
6741,1.1687800000000002,1.155614602795774,1.166995951910345,6741
6742,1.06852,1.0769128294507595,1.0820780112789423,6742
6743,0.9922300000000004,1.0124011876456458,1.0126533712513228,6743
6744,-0.1475,0.2506109131971996,0.0088941404953857,6744
6745,-0.2501,0.234860601297612,0.0632888967344342,6745
6746,-0.2029,0.1465736056802455,0.0941478845664178,6746
6747,1.1039800000000002,1.097088190775828,1.1038605667839578,6747
6748,1.06509,1.0628090751366128,1.0667052653054006,6748
6749,0.9873800000000004,0.9930437220979896,0.9912898344389696,6749
6750,-0.4196,0.0468569125377982,-0.2333682305993534,6750
6751,-0.2,0.0700667250425652,-0.2472448876905133,6751
6752,-0.205,0.0248277126308238,-0.2578505597416267,6752
6753,0.7932000000000002,0.8088435644545553,0.8023300017359538,6753
6754,0.7789000000000001,0.7902368550030765,0.7876441411256131,6754
6755,0.7709000000000001,0.7799653356400612,0.7799115657709881,6755
6756,0.448,0.8321137636090441,0.7623784016270747,6756
6757,0.8937,1.164504402164198,1.082381813276072,6757
6758,0.9727,1.120299237911425,1.1077066623309122,6758
6759,0.9198400000000002,0.9341767149950724,0.9286641462458276,6759
6760,0.90817,0.919260530012067,0.9166589192129032,6760
6761,0.8955000000000002,0.9017255936301508,0.9032542558554608,6761
6762,0.422,0.361059815353336,0.1502547065110775,6762
6763,0.409,0.3560720229421434,0.2012700096216235,6763
6764,0.219,0.1600795189705266,0.0527536994031265,6764
6765,0.8375100000000002,0.8268612133160906,0.8361237889315726,6765
6766,0.8627500000000002,0.8588321188086842,0.8648780244518828,6766
6767,0.8756700000000002,0.8745327318891186,0.8801498462341089,6767
6768,0.736,0.3355981533565959,-0.2639728381143129,6768
6769,1.091,0.5424319680278415,-0.3645271457609453,6769
6770,0.812,0.3118550396178747,-0.2477653341884433,6770
6771,0.8088000000000002,0.7914490555475667,0.8007457735998555,6771
6772,0.8956100000000002,0.9015527725894036,0.8959231660184794,6772
6773,0.9321000000000004,0.9481223743225546,0.9373798636622191,6773
6774,0.311,0.2735449982281892,0.2450052540656599,6774
6775,1.179,0.8414404630812413,0.844427707878225,6775
6776,1.105,0.718727910224306,0.6721093245396617,6776
6777,1.11431,1.1023564192451332,1.1132273542609687,6777
6778,1.0064000000000002,1.004144244233136,1.0086736495964292,6778
6779,0.9416300000000002,0.9426309422692069,0.9443674522122592,6779
6780,-0.317,-0.3541407917781072,-0.5469078595164945,6780
6781,-0.557,-0.4732383717544763,-0.7578755401452497,6781
6782,-0.357,-0.3714671919345846,-0.4649927883997407,6782
6783,1.1862000000000004,1.1647213189192525,1.174865943251331,6783
6784,1.0957000000000003,1.0798358398124748,1.0782799451911511,6784
6785,1.0336,1.0184842149665971,1.0099649043681904,6785
6786,-0.575,-0.0346794616184524,-0.2378209516597564,6786
6787,-0.663,-0.0573376022014215,-0.3102621251650248,6787
6788,-0.531,-0.0541489723181385,-0.2249275693579022,6788
6789,1.0879000000000003,1.078883208751204,1.0864591993560917,6789
6790,1.0524000000000004,1.0418010312582966,1.0437922311687406,6790
6791,0.9934000000000002,0.9807711296498068,0.9704259447056888,6791
6792,-0.039,0.3607475964118123,0.0166665972905946,6792
6793,-0.056,0.5381377247788564,-0.0229857601553931,6793
6794,-0.052,0.408167280466067,-0.0130049350183583,6794
6795,1.0486000000000002,1.0464855319596391,1.0526418870296017,6795
6796,1.0190000000000003,1.013500318770164,1.0134581517905206,6796
6797,0.9943000000000002,0.9853971969975772,0.9795698132858572,6797
6798,0.195,0.5789607681381881,0.1774691279269689,6798
6799,0.34,0.7478421419475296,0.2815871182318119,6799
6800,0.24,0.5436974699719528,0.2312218793233285,6800
6801,1.1413000000000002,1.118816830902136,1.1316032460390228,6801
6802,1.0774000000000004,1.054400588327325,1.0643913747612597,6802
6803,1.0181000000000002,0.9921675978680496,0.9986359435178582,6803
6804,-0.586,-0.3852274536777784,-0.303279210461433,6804
6805,-0.885,-0.4881829535531761,-0.4170193457231619,6805
6806,-0.706,-0.382667185715313,-0.291502167940969,6806
6807,1.0978,1.086275386771438,1.0994686646090557,6807
6808,1.0407000000000004,1.023545462180978,1.0332242908780924,6808
6809,1.0011000000000003,0.9795993875118656,0.9856699077876668,6809
6810,-0.188,-0.0594714925955415,-0.0219736713259095,6810
6811,-0.314,-0.0887563534667918,-0.0229085707427856,6811
6812,-0.281,-0.1318736912470584,-0.0716251578710895,6812
6813,0.7460000000000002,0.7564284991305654,0.7636093484934154,6813
6814,0.7317000000000002,0.7465148985104956,0.753969974006253,6814
6815,0.7614000000000002,0.769132965189383,0.7755759076287666,6815
6816,0.201984,0.2641419586466327,0.4093879559979143,6816
6817,0.400777,0.3471042183038548,0.5947639499784856,6817
6818,0.441139,0.4719567223981897,0.5088158586388829,6818
6819,0.8761000000000002,0.8694427810878028,0.8734193534128171,6819
6820,0.8778700000000003,0.8729155685672096,0.8736593664159041,6820
6821,0.8789500000000002,0.8759405952137328,0.8732969118814682,6821
6822,-0.1608,-0.1211812634524847,-0.0296046076119012,6822
6823,-0.2365,-0.1205752716500967,-0.0890302685020287,6823
6824,-0.1399,-0.0409137271686574,-0.1189051107518821,6824
6825,0.8669900000000003,0.8588731213124261,0.8627880331446481,6825
6826,0.8715100000000002,0.8657303825623043,0.8663739382934106,6826
6827,0.8754100000000001,0.8722235399987932,0.8700495104539278,6827
6828,-0.1687,-0.0799685637577169,-0.1114865203216339,6828
6829,-0.2225,-0.1431166690526879,-0.1776233741112207,6829
6830,-0.1629,-0.0541270443357291,-0.0543321837369603,6830
6831,0.8770400000000002,0.863191396774775,0.8643214666885629,6831
6832,0.8779900000000003,0.8678058648041067,0.8673364914846723,6832
6833,0.8787800000000002,0.8727759285571242,0.8696618091305205,6833
6834,-0.0613,-0.0570612927267575,-0.0466590276055001,6834
6835,-0.0342,-0.0938051584781476,-0.1106206845640258,6835
6836,0.0421,0.0216214103075742,-0.0501944546650747,6836
6837,0.7046500000000001,0.7240116693128953,0.7259478436765312,6837
6838,0.7214400000000002,0.7372581788096583,0.7380867295013556,6838
6839,0.7589500000000002,0.7671460275539882,0.7645618388068746,6839
6840,0.308,0.4971037183945412,0.7640625388446125,6840
6841,0.6544,0.748712933112273,1.4321009934012494,6841
6842,0.6025,0.7013721811727436,1.645012905908608,6842
6843,1.0838100000000002,1.0763198056912704,1.0600746189032866,6843
6844,1.0866900000000004,1.0867305592501295,1.0766593342547846,6844
6845,1.08031,1.0872469606918616,1.0856603489982886,6845
6846,-2.426,-2.2028988616172995,-0.056403306091795,6846
6847,-2.2633,-2.309137429675417,-0.2353192111389432,6847
6848,-1.7936,-2.217844784083269,-0.3312807391937156,6848
6849,1.0497600000000002,1.0477072127158142,1.0543181243877613,6849
6850,1.07136,1.071472305468436,1.0801224743248157,6850
6851,1.0857000000000003,1.087049383686394,1.0988215092422955,6851
6852,-0.4216,-0.2339273583351087,-0.62804295588586,6852
6853,-0.4574,-0.315411385003415,-0.6778674093636141,6853
6854,-0.3712,-0.2715986817773625,-0.5103037413274762,6854
6855,0.8119000000000002,0.8227437903481307,0.8282951791914234,6855
6856,0.7803000000000001,0.794757013023559,0.8002652018749948,6856
6857,0.7279000000000001,0.7470168268260049,0.7524094778594816,6857
6858,0.884,1.2452311249454056,1.6984776432096511,6858
6859,1.053,1.4733854773939612,1.676285426221078,6859
6860,0.789,1.2824596761770124,1.4063416114645833,6860
6861,0.8180300000000001,0.8361582219150872,0.8465129122885501,6861
6862,0.7495700000000002,0.7716405648344472,0.7799176633852966,6862
6863,0.7176000000000002,0.74033385602844,0.7475978022130766,6863
6864,1.385,1.5348678541846112,1.5249638098144374,6864
6865,1.759,2.131663941031462,1.9978029182274497,6865
6866,1.149,1.495668199950785,1.5879880372906996,6866
6867,0.9105300000000002,0.9167978620114782,0.926160768258656,6867
6868,0.8996200000000002,0.904716037986116,0.912260119853872,6868
6869,0.8914700000000002,0.8947645175162473,0.9006209631306736,6869
6870,0.173,0.1191034640785808,0.0073347474508622,6870
6871,0.238,0.16307008691766,0.048741384719726,6871
6872,0.178,0.0659566944851519,0.0237489970507311,6872
6873,0.9147400000000002,0.9218589257547216,0.9308255970095064,6873
6874,0.9041900000000004,0.908876995354924,0.9164686534155184,6874
6875,0.8997600000000002,0.9040380262494998,0.9098291419565272,6875
6876,0.102,0.0018788373691229,0.0307524857210808,6876
6877,0.151,-0.0009804166772815,0.0829985377435633,6877
6878,0.122,-0.0544925994644565,0.0201268137530483,6878
6879,1.0128,1.0042041646964883,0.9900056741113225,6879
6880,0.9470000000000002,0.941926500633555,0.9317697549760428,6880
6881,0.8676000000000003,0.8638809052106883,0.8573319695234072,6881
6882,1.3784,0.966470016966568,0.8844785245242548,6882
6883,1.6361,1.092037094319437,1.1545665885257108,6883
6884,1.2579,0.8045104944565651,0.7986893188292186,6884
6885,0.9043500000000002,0.8959636890374418,0.904490908091637,6885
6886,0.9220400000000002,0.9173871265261824,0.9264111095992504,6886
6887,0.9503300000000002,0.9566916094605984,0.9670421353834682,6887
6888,0.5893,0.5378649588717224,0.6986896636863094,6888
6889,0.609,0.5393907093670407,0.7160319347961774,6889
6890,0.3441,0.264153098177303,0.3873446374074376,6890
6891,0.7860300000000001,0.7709032764231415,0.7649637986930947,6891
6892,0.8661300000000002,0.8414154566215961,0.8442626216742563,6892
6893,0.9082800000000002,0.8920753786014922,0.8976496257406313,6893
6894,0.7315,0.742309902023436,0.5575392731653039,6894
6895,1.4275,1.6367443160200708,1.232798603070222,6895
6896,1.245,1.3847123952637617,1.1566024726318744,6896
6897,1.0275000000000003,1.0585957871494456,1.0486836339210348,6897
6898,0.9928000000000002,1.062149920573871,1.0549503204652702,6898
6899,0.9718000000000002,1.0514394393927455,1.0498915626777865,6899
6900,-6.523,-4.24728812137435,-2.8239006046763677,6900
6901,-5.417,-4.027485175185632,-2.8207382729417674,6901
6902,-3.393,-2.0190150796430544,-1.6579611084130477,6902
6903,0.9584000000000004,0.9550145557724486,0.9593585238766238,6903
6904,0.9886300000000002,0.9854384775122464,0.9890418532927516,6904
6905,1.0163500000000003,1.014438600072271,1.0175955418426508,6905
6906,-0.3853,-0.281019628336395,-0.5413996247976911,6906
6907,-0.4578,-0.2589456773857819,-0.7055640165105785,6907
6908,-0.3019,-0.2648516376484195,-0.4500159285920517,6908
6909,0.8849000000000002,0.877475443645894,0.8835305788973492,6909
6910,0.8995700000000003,0.8933618572210653,0.8978322241706196,6910
6911,0.9134500000000004,0.90881372642956,0.9126402646317144,6911
6912,0.6303,0.6810363724490855,0.7561862347693591,6912
6913,0.4912,0.5304879519046608,0.6563729221361996,6913
6914,0.2326,0.3248556601030685,0.4855875389900888,6914
6915,0.9443,0.9378202593043627,0.908703855218991,6915
6916,0.9170700000000004,0.9254035395046784,0.8947907306464442,6916
6917,0.8915100000000002,0.9135876514776904,0.886985480488308,6917
6918,-2.514,-0.5860607762701804,0.5633519267633567,6918
6919,-2.706,-1.1431724820339824,0.8752750875427466,6919
6920,-1.26,-0.607159148504735,0.6369605165701699,6920
6921,0.9355040000000002,0.9334065592755107,0.9465863176581116,6921
6922,0.9962350000000002,1.0011984756814711,1.0123985009196292,6922
6923,1.0336070000000002,1.0427993377330331,1.0549603696925547,6923
6924,1.083,1.236790844688656,0.4983810164364968,6924
6925,1.426,1.4221852905921395,0.5600261604369337,6925
6926,1.184,1.0639037170402048,0.4241386420776507,6926
6927,0.9013080000000002,0.9244350764779132,0.932353461529908,6927
6928,0.9563730000000004,0.976244942005952,0.9855537108316004,6928
6929,1.0176930000000002,1.032685561212223,1.0437863183917078,6929
6930,1.955,1.955371018717166,1.2028229405877369,6930
6931,2.369,2.3266008917533014,1.2466540896007814,6931
6932,1.804,1.51629214304765,0.7547695791248543,6932
6933,0.8987460000000002,0.9152372199349256,0.9179769390090496,6933
6934,0.9511160000000002,0.9675855878525916,0.9731185883899588,6934
6935,1.0145710000000003,1.0287770362772708,1.0375666994832062,6935
6936,2.053,1.984634113660146,0.7845296044408485,6936
6937,2.542,2.3537146458101432,0.950173536531878,6937
6938,1.907,1.6350380402373048,0.5924109752780282,6938
6939,0.9983500000000004,0.9918258565722164,0.990894503368477,6939
6940,1.0158200000000004,0.99982815025264,0.9947709020069714,6940
6941,1.0207400000000002,1.001929958839508,0.995420496014396,6941
6942,-0.3157,-0.2877562144881551,-0.2728809368683329,6942
6943,-0.4356,-0.385770927909526,-0.3182836190465252,6943
6944,-0.4013,-0.3538365825464211,-0.3604928136314527,6944
6945,1.0106200000000003,1.007888308617486,1.0076048962478428,6945
6946,1.0431300000000003,1.0306238573405622,1.030024381317078,6946
6947,1.0872000000000004,1.0622387193259162,1.0621271724486794,6947
6948,0.165,0.4342498202361184,0.255463611788123,6948
6949,0.2031,0.2170348159595114,0.2660625525763969,6949
6950,0.0972,0.2884542701273886,0.0648378832360521,6950
6951,0.8595400000000002,0.8595525669422296,0.8548479088760353,6951
6952,0.8440100000000001,0.8445217320031393,0.8418950385852219,6952
6953,0.8227400000000002,0.8239040904855935,0.8251178940949967,6953
6954,0.75364,0.8234370969910145,0.8669475899726251,6954
6955,0.8491,0.9685339222173752,0.9407128258880562,6955
6956,0.57017,0.6216705377856222,0.669787802849843,6956
6957,0.9338000000000002,0.9249015554339248,0.934865302723036,6957
6958,1.0196000000000005,1.0180520501572383,1.0288483670331334,6958
6959,0.10027,0.310615654062353,0.4279149745719905,6959
6960,0.11785,0.3562773584821741,0.4590738654256654,6960
6961,0.08238,0.2905394566463215,0.2649444029929668,6961
6962,0.9863750000000002,0.9977275826748812,0.9954862565274883,6962
6963,0.9912370000000004,1.0075015118154418,1.001223623931868,6963
6964,0.9936220000000002,1.0145202304228536,1.0056666142607174,6964
6965,-0.8915,-1.45626240355098,-0.6667425561948619,6965
6966,-1.0329,-1.7620210803121807,-0.7514070532513415,6966
6967,-0.7828,-1.122437952778327,-0.557000648476702,6967
6968,0.9597930000000002,0.9696278388329552,0.968253549613862,6968
6969,0.9748990000000002,0.9886486606212896,0.9834683073470136,6969
6970,0.9854410000000002,1.0040080617524485,0.9961318886338026,6970
6971,-1.2462,-1.462932823898022,-0.6880282212171522,6971
6972,-1.4976,-1.5946370616344048,-0.7826597701334492,6972
6973,-0.8656,-0.9118467937710976,-0.4060331691748686,6973
6974,0.9668750000000004,0.9682566891653032,0.9684023965691414,6974
6975,0.9795770000000004,0.9898471775512064,0.9848008481745762,6975
6976,0.9867010000000004,1.0028079033117554,0.9953361120050714,6976
6977,-1.1196,-1.239907615837751,-0.6146723202819686,6977
6978,-1.4091,-1.5355185047955473,-0.8522248205739089,6978
6979,-0.8735,-0.931036021677393,-0.5926319681010455,6979
6980,0.9662520000000002,0.9727085707391344,0.9732291988561654,6980
6981,0.9765780000000002,0.987462583872223,0.9843933556959068,6981
6982,0.9868740000000004,1.0045550882847964,0.9979186959892866,6982
6983,-1.1791,-1.2996657835469456,-0.6676304369686363,6983
6984,-1.4295,-1.5946798282616186,-0.8021549568911865,6984
6985,-0.8885,-0.8567104782588544,-0.5034194431071981,6985
6986,0.8751500000000002,0.8802964297265966,0.8853937344304843,6986
6987,0.8744300000000002,0.8764974123842619,0.881913076497183,6987
6988,0.8736600000000002,0.8720345863535772,0.8781648992221239,6988
6989,-0.014,0.0006954994537835,-0.1039760679485084,6989
6990,-0.0245,-0.0724859795912209,-0.1294704883221058,6990
6991,-0.0245,0.0577958024801859,-0.1180822828733703,6991
6992,0.9768950000000002,1.0087642375751165,1.002478634375536,6992
6993,0.9457730000000002,0.9645705793881736,0.9619319817483534,6993
6994,0.8786430000000003,0.8805366997300577,0.8820502367571,6994
6995,-0.746,-0.4648457944939563,-0.2351973492976924,6995
6996,-1.165,-0.7861509696449893,-0.6885292409218948,6996
6997,-1.076,-0.9348622192413992,-0.9571653301406684,6997
6998,0.9502900000000002,0.9643296577906448,0.9499267403389812,6998
6999,0.9107940000000002,0.9162219367400048,0.9080929445705676,6999
7000,0.8565010000000002,0.8524763181483096,0.8520721626546209,7000
7001,-0.5,-0.8878914150373873,-0.6589553545081737,7001
7002,-0.672,-0.9483446234138632,-0.9049236088223722,7002
7003,-0.525,-0.7254824948454033,-0.7887649612939924,7003
7004,0.7719000000000001,0.7745604656970809,0.7702800174593467,7004
7005,0.7761000000000002,0.7905113783005252,0.7919742426152658,7005
7006,0.7711100000000002,0.7674793024211717,0.7614991597485573,7006
7007,0.438,0.5058672236978019,0.6627520393243458,7007
7008,0.801,0.8535984732932391,1.2960511722562442,7008
7009,0.702,0.9005093012646626,1.1944412535603988,7009
7010,0.8083340000000001,0.8079898136586903,0.8025573836735581,7010
7011,0.7865310000000001,0.7808165990329541,0.7740008908140783,7011
7012,0.7621850000000001,0.7533480942893412,0.7442916647175095,7012
7013,0.2316,0.281161484502789,0.7802394130639527,7013
7014,0.392,0.5133038093580922,0.7899622025527435,7014
7015,0.4261,0.6277264424631852,0.9237418956317924,7015
7016,1.0118000000000005,1.0176916718058335,1.024396203650345,7016
7017,1.0059000000000002,1.02638173985928,1.0336988207654505,7017
7018,0.9975000000000004,1.0281371483526496,1.0361921513605952,7018
7019,-2.501,-0.7099236666911537,-1.273937541702573,7019
7020,-2.462,-0.8988099732356201,-1.459016814535957,7020
7021,-1.531,-0.6773881246346187,-1.0161440392770589,7021
7022,0.8675700000000003,0.8633123127856781,0.8671944261075645,7022
7023,0.8707300000000002,0.8690394889734087,0.8716497914837783,7023
7024,0.8734100000000001,0.8743917373429371,0.8745601784766568,7024
7025,-0.1404,-0.3174079780841339,-0.3154473119723064,7025
7026,-0.1583,-0.3805154985810475,-0.3593728641488951,7026
7027,-0.1135,-0.1590016156190188,-0.1934711389521624,7027
7028,0.7424910000000001,0.7406799197325789,0.7338390966961956,7028
7029,0.8106920000000002,0.8149401976357109,0.805367359775107,7029
7030,0.8897150000000003,0.9015358832122596,0.8887002033775746,7030
7031,1.539,1.4467088407892137,1.6392016544692751,7031
7032,1.676,1.8268794916657785,1.8653220456507145,7032
7033,1.126,1.0581332703007575,1.3354709266977238,7033
7034,0.8233530000000001,0.818587482157595,0.8100063354242475,7034
7035,0.8759620000000002,0.878212459041718,0.8687783033004699,7035
7036,0.9289450000000002,0.9403484979150832,0.9262041290381277,7036
7037,1.521,1.6788128471536936,1.6062975650769715,7037
7038,1.628,1.6755842478924308,1.82803358522645,7038
7039,0.972,1.210644201680836,1.024338975892121,7039
7040,0.8935250000000002,0.8908320279827698,0.8917707773706014,7040
7041,0.9235800000000004,0.9290869720693988,0.9235761398106844,7041
7042,0.9531280000000004,0.9665197439144942,0.9553091083094232,7042
7043,0.459,0.7245679235454503,0.4001095692315459,7043
7044,0.497,0.6993155920521872,0.4373583299365293,7044
7045,0.287,0.5469369497720749,0.2932457897626079,7045
7046,0.7540050000000001,0.7575728915244798,0.7444272847378707,7046
7047,0.7766620000000002,0.7749743787164,0.7678936653565213,7047
7048,0.7918920000000003,0.7862129115367323,0.781827381862872,7048
7049,0.088,-0.0978551600519068,0.0071454362187424,7049
7050,0.162,-0.1384647625835953,0.0808153496238048,7050
7051,0.137,0.1142090826937192,0.1566793604646079,7051
7052,0.7655110000000002,0.7689205198881782,0.7600443515302135,7052
7053,0.7778490000000002,0.7782172750489404,0.7715806273980882,7053
7054,0.7951660000000003,0.790304521050015,0.7867246807257294,7054
7055,0.164,-0.0122863619354802,0.0744804020027913,7055
7056,0.278,-0.0362398692569172,0.0833730969080051,7056
7057,0.256,-0.1128979998264299,0.1440900925410346,7057
7058,0.7465820000000002,0.7508850257510603,0.7382338937148814,7058
7059,0.7684760000000002,0.7684558442209793,0.7589446900380268,7059
7060,0.7899410000000002,0.7843236040606321,0.7796070101952335,7060
7061,0.216,0.1659712880703239,0.510192014877564,7061
7062,0.419,0.2598931803899376,0.8363005045652443,7062
7063,0.412,0.2443077112894087,0.7817924631852691,7063
7064,0.8354000000000001,0.8221489181200118,0.8262499387972593,7064
7065,0.8312000000000003,0.8211140850288837,0.8231750471279659,7065
7066,0.8238000000000002,0.8182928777328022,0.8184178494459418,7066
7067,0.782,0.8779078052438649,1.3289754758319106,7067
7068,0.858,0.909818291461022,1.2969441559006043,7068
7069,0.532,0.4861188825165925,0.782395986025989,7069
7070,1.1613400000000005,1.1626535848237525,1.1668834252243103,7070
7071,1.2137500000000003,1.220450642416063,1.2283197083671478,7071
7072,1.2418100000000003,1.2548761595184632,1.2654377864993749,7072
7073,-0.292,-0.3395508861829484,-0.1153476401716488,7073
7074,-0.547,-0.1090163692715577,-0.0539241759523037,7074
7075,-0.56,0.199775650826731,0.212346572407879,7075
7076,0.9268000000000002,0.9136628968136686,0.9140391661043844,7076
7077,0.9575000000000002,0.9449000531188408,0.942562007511504,7077
7078,0.9862000000000004,0.9711648147163516,0.9662137239010716,7078
7079,0.081,0.4895091136714882,0.3705418952758066,7079
7080,0.152,0.6991122389585769,0.5459800226809364,7080
7081,0.145,0.5581882334402763,0.4854159281154864,7081
7082,0.8970000000000002,0.8905105457255797,0.890459195239623,7082
7083,0.9389000000000002,0.9301784574327177,0.928013309321722,7083
7084,0.9715000000000004,0.9594800217264988,0.9549616840353524,7084
7085,0.232,0.6924055819967236,0.5567123682354236,7085
7086,0.416,1.0019519886641604,0.8382249347512811,7086
7087,0.319,0.6929300446145277,0.6094400468219874,7087
7088,1.1953000000000005,1.1785462431848863,1.1878974817910013,7088
7089,1.1283000000000003,1.115288101044283,1.116265823583139,7089
7090,1.0851000000000002,1.069407856320061,1.066094963899532,7090
7091,-0.8587,-0.4004222098771777,-0.3479682724367023,7091
7092,-0.8118,-0.4819998348757082,-0.425093181831869,7092
7093,-1.264,-0.5316987667934114,-0.479795998010303,7093
7094,1.1142000000000003,1.1055093186126066,1.116553270767086,7094
7095,1.0840000000000003,1.0737330192828751,1.0767449676990568,7095
7096,1.0627000000000002,1.0496676199863813,1.047163621131399,7096
7097,-0.406,-0.1381419588655887,-0.088720155026067,7097
7098,-0.678,-0.1114753711703002,-0.1808921967109142,7098
7099,-0.583,-0.0736723617707468,-0.1387255870625665,7099
7100,1.0584000000000005,1.0565629510151258,1.0637265111603873,7100
7101,1.0490000000000002,1.043302245348628,1.0444117370975,7101
7102,1.0416,1.030993270578071,1.0292868574179863,7102
7103,-0.13,0.2469705362573506,0.1268083780369977,7103
7104,-0.2,0.3904429849610125,0.0980028442252489,7104
7105,-0.123,0.1358502732938831,0.1210337826323098,7105
7106,0.7361510000000001,0.7405182703699168,0.7263723893911673,7106
7107,0.7527560000000002,0.7507702898430115,0.7395760262431148,7107
7108,0.7738830000000002,0.7630661967915575,0.7568317398848043,7108
7109,0.455,0.462490031853541,0.7611442589690434,7109
7110,0.746,0.4814159083931386,1.1325091186934912,7110
7111,0.57,0.6222531573620955,0.9013119270461658,7111
7112,0.8293300000000002,0.8285664095768638,0.8233840119910389,7112
7113,0.8425400000000002,0.8413372640311813,0.8353975567085056,7113
7114,0.8635900000000002,0.8620688764665879,0.8562548512527699,7114
7115,0.6006,0.7917463244814513,0.655049771850031,7115
7116,0.97,1.300845945970508,1.085783000202241,7116
7117,0.8628,1.1831381252775088,0.9306036489928432,7117
7118,0.9712300000000004,0.9952826757694716,0.9878977429869956,7118
7119,0.9213850000000002,0.9243706365550288,0.921295648723566,7119
7120,0.8265540000000001,0.8078317181759771,0.8080482720241504,7120
7121,-0.648,-0.3075338036077282,-0.1197472587537333,7121
7122,-1.173,-0.7404067780690138,-0.7048613194770468,7122
7123,-0.469,-0.4476317186049332,-0.4673127240228432,7123
7124,0.9456330000000004,0.9555027991252364,0.9410291579453456,7124
7125,0.9066940000000002,0.9048458900722272,0.8960035962687889,7125
7126,0.8582020000000002,0.8457611257378034,0.8412246045611266,7126
7127,-0.54,-0.4398619389202309,-0.5785658877901625,7127
7128,-0.816,-0.7430763902656139,-0.8802008880342314,7128
7129,-0.672,-0.6152381832466567,-0.7592280385657109,7129
7130,0.9918800000000002,0.9891989767704976,0.9573470935685896,7130
7131,0.9627600000000002,0.9809149867889752,0.9503746014836004,7131
7132,0.9345300000000002,0.9697554342761084,0.9479442607174569,7132
7133,0.6740500000000001,0.6758803150697279,0.6693615504166387,7133
7134,0.7379200000000001,0.7484403094064388,0.7406800182944027,7134
7135,0.8359400000000002,0.8560364341504862,0.8436559264785154,7135
7136,1.154,1.6001222986109696,1.4822491689510855,7136
7137,1.876,2.0420013438344427,1.7562917359523738,7137
7138,1.433,1.5969095318016926,1.5113566063438242,7138
7139,0.6707000000000002,0.6690563947699177,0.6622573350876425,7139
7140,0.7333000000000002,0.7418820831821012,0.7356570858355646,7140
7141,0.7971000000000003,0.8152957866548354,0.8101734086227497,7141
7142,1.051,1.4887939850349738,1.4001372608627776,7142
7143,1.354,1.8559779140997676,1.889498008608868,7143
7144,1.016,1.3018957298453842,1.464652603357152,7144
7145,0.8484000000000002,0.8631516123642684,0.8568609007489343,7145
7146,0.6792300000000002,0.6764197570824786,0.6697195025415292,7146
7147,0.7417500000000001,0.7471926309591077,0.7405245514551293,7147
7148,0.553,0.878090775067335,0.8956292203036753,7148
7149,0.96,1.3347706136550528,1.2541265359935494,7149
7150,1.099,1.431665850855083,1.4621905025281308,7150
7151,0.7446230000000003,0.7470966021875409,0.7338832701529052,7151
7152,0.7590400000000002,0.7561178123186464,0.7466193080873854,7152
7153,0.7771510000000001,0.766564036356988,0.7609392256186932,7153
7154,0.334,0.0730582437031728,0.2823904644937371,7154
7155,0.397,0.0951224678858082,0.3408967196928643,7155
7156,0.299,0.1215236125141814,0.2547445996205226,7156
7157,0.7614750000000002,0.7638959861446385,0.7546134585361063,7157
7158,0.7693960000000002,0.7673081782175581,0.7594732861292088,7158
7159,0.7810500000000001,0.7710423567203338,0.7671584727931191,7159
7160,0.425,0.1275705968514842,0.3740838543646383,7160
7161,0.619,0.2578291407307205,0.5477231433034859,7161
7162,0.417,0.1755026998409334,0.4367281869505746,7162
7163,1.0465000000000002,1.0483598690044604,1.055212404188284,7163
7164,0.9877000000000002,0.9851549426788716,0.9920320055529968,7164
7165,0.9468000000000002,0.9414243159615528,0.9495260570752584,7165
7166,-0.0046,-0.0516100102442464,0.0178551545933487,7166
7167,-0.0057,-0.0545656385936013,-0.0474665662178921,7167
7168,-0.0036,-0.0024783917148454,-0.0230026913212242,7168
7169,0.9281000000000004,0.9094839144865317,0.9043266384296172,7169
7170,0.9073000000000002,0.8965763034940765,0.8912044392682392,7170
7171,0.8972200000000002,0.8904679506673724,0.8839537616873645,7171
7172,0.11325,0.1295766490078449,0.1254873173047741,7172
7173,0.15813,0.0321043416819861,0.1164343854539993,7173
7174,0.12811,0.0315140734142431,0.1128370172640131,7174
7175,0.8183900000000002,0.8057229782621588,0.8050464438884378,7175
7176,0.8386000000000002,0.8298115859546622,0.8264801980770129,7176
7177,0.8602600000000002,0.8554543928465187,0.8506044862460856,7177
7178,0.06014,0.0069397442348986,0.1262043196660514,7178
7179,0.09128,0.1625506183722791,0.1333199764154109,7179
7180,0.08245,0.1312958313834116,0.1628440480236861,7180
7181,0.8221200000000002,0.8130617438234018,0.8110590463875645,7181
7182,0.8396100000000002,0.832095269933724,0.8289504715643197,7182
7183,0.8534200000000002,0.8482224902493132,0.8442120107503494,7183
7184,0.03429,0.1166001707900505,0.1851885334371914,7184
7185,0.05773,0.1400238196316507,0.1447239276812837,7185
7186,0.05587,0.1646590274886108,0.1946685110173831,7186
7187,0.8943440000000002,0.8898230343498618,0.8948689295459951,7187
7188,0.8836400000000002,0.8953800098603327,0.9012144821421232,7188
7189,0.8787300000000002,0.888837535493744,0.892796843287336,7189
7190,0.8732900000000001,0.8810648732959007,0.884082670418439,7190
7191,0.139,0.1654245392466466,0.0747941107454153,7191
7192,0.154,0.0858164078891583,0.1711653030628248,7192
7193,0.114,0.166019799107147,0.1238597719477496,7193
7194,0.8467600000000002,0.8301190032998119,0.8284065956764081,7194
7195,0.9166100000000004,0.9022611584957282,0.8970661151313419,7195
7196,0.9591400000000002,0.9436833319274202,0.9366621079343278,7196
7197,-0.0999,0.1349481215672909,0.1367422022110531,7197
7198,-0.1675,0.2302605575121461,0.1677653923207884,7198
7199,-0.0861,0.1510804388005553,0.1345911615894763,7199
7200,0.9652800000000002,0.9514445057177544,0.9457034348626586,7200
7201,0.9954700000000004,0.9986468628775528,0.9908463796216328,7201
7202,1.02957,1.0528716799992182,1.042405478875959,7202
7203,-0.00853,-0.0762240345095364,-0.1715578074480248,7203
7204,-0.02181,-0.0999588947700829,-0.2532714727317824,7204
7205,-0.02292,-0.0523756103796415,-0.218378710470759,7205
7206,0.8687200000000003,0.8670742211865473,0.8640326143080849,7206
7207,0.9078200000000004,0.9140997839816352,0.9089876407990164,7207
7208,0.9625500000000002,0.9808650214034432,0.9728071248223096,7208
7209,0.17755,0.1628453229397308,0.1748167352359928,7209
7210,0.21077,0.1958035222120031,0.1382953694670945,7210
7211,0.17046,0.1984677422879173,0.0969923957119647,7211
7212,0.8445200000000002,0.8406039543243824,0.8379938218352686,7212
7213,0.8936300000000003,0.8990369783257697,0.8947694352345891,7213
7214,0.9696500000000002,0.9912709808266138,0.9828028095164656,7214
7215,0.2754,0.2807519585606144,0.2010297154991143,7215
7216,0.43148,0.5268656174110049,0.4306333550109755,7216
7217,0.37402,0.516778436579628,0.3333554308244686,7217
7218,1.0032600000000005,0.9973655970758446,1.0005734500943009,7218
7219,0.9943600000000002,0.9859788016987102,0.9870325042757722,7219
7220,0.9869000000000002,0.9773482221657814,0.9762926428456002,7220
7221,0.688,0.711752880225788,0.5816354406063908,7221
7222,1.0457,0.8765928137338506,0.9005623374221301,7222
7223,1.1154,0.7086508087178913,0.7408536227467692,7223
7224,0.9885500000000002,0.982545404201236,0.983138878316864,7224
7225,0.9852700000000002,0.977939618250788,0.9768630549659156,7225
7226,0.9827800000000002,0.9739914841562632,0.9717502896565552,7226
7227,0.6076,0.5345768726688789,0.6081496045898973,7227
7228,1.0293,1.014038995891582,1.0134991112730916,7228
7229,1.1088,0.9860300633557983,0.8261013210743613,7229
7230,1.02761,1.023711632259869,1.0272507834698843,7230
7231,0.9925100000000002,0.9868935134967703,0.9879348877959846,7231
7232,0.9686500000000002,0.963179826665436,0.9625213528856964,7232
7233,0.1901,0.0476952106533872,0.2700170208811983,7233
7234,1.0561,0.7789816477432225,0.9155135980462604,7234
7235,1.083,0.6830132747469406,0.8493710864829893,7235
7236,0.9909900000000004,0.9855010522153276,0.9888582270750778,7236
7237,0.9803700000000002,0.9744181048217164,0.9773793817987718,7237
7238,0.9624400000000004,0.956457462204348,0.9572453840709712,7238
7239,0.6669,0.6293914836014665,0.8855302565589653,7239
7240,1.0249,0.8405310761055489,1.1409267440880626,7240
7241,1.1427,0.8971865688892819,1.0040494841278047,7241
7242,0.9832000000000004,0.9783345540345382,0.9792376063227632,7242
7243,0.9715100000000002,0.9669562098755928,0.9659754392975862,7243
7244,0.9634300000000002,0.958818632628496,0.9575027135403308,7244
7245,0.7,1.0972429454266432,1.0593836513979795,7245
7246,0.989,1.0753476117600087,1.0467882980939294,7246
7247,1.1164,0.8611266888958369,1.0712530147539496,7247
7248,1.0180000000000002,1.0116586945381294,1.013159901209371,7248
7249,1.0069400000000004,0.9991215550754772,0.9992106968855676,7249
7250,0.9915900000000004,0.9815812424404868,0.9805464967986874,7250
7251,0.6199,0.622082919291671,0.6370907908976733,7251
7252,0.9688,0.9678764322527798,0.7935420963566457,7252
7253,1.0539,0.862231742191085,0.8975073836391516,7253
7254,0.8797000000000003,0.891043305642031,0.8958980792793432,7254
7255,0.8829000000000002,0.8954233759568411,0.9018834236767612,7255
7256,0.8889000000000001,0.9034217735177552,0.9110236961682884,7256
7257,0.0594,0.0954813360801489,0.0069060897239126,7257
7258,0.076,0.093759494293284,0.0569350490056024,7258
7259,0.0524,0.0353203320571609,-0.0131061576907995,7259
7260,0.8499000000000002,0.8594209160848143,0.8619726368120878,7260
7261,0.9005900000000002,0.9129643827978504,0.9156133348035876,7261
7262,0.9274800000000002,0.943869499367051,0.943120107652876,7262
7263,0.876,0.5573928420030541,0.7353726732864914,7263
7264,1.109,0.7200101807487727,1.002439519148254,7264
7265,1.0,0.5997491173966409,0.746058098761921,7265
7266,0.9633500000000004,0.9473837458664672,0.9426828470098032,7266
7267,0.9849200000000002,0.9791380917256276,0.9744080526477356,7267
7268,1.0081000000000002,1.0127740578684714,1.0084824655067568,7268
7269,0.04589,-0.0799152137761041,-0.0251676967990022,7269
7270,0.07457,-0.0006695203277615,-0.0367972987453555,7270
7271,0.07097,0.0627675280293829,0.0438998512778425,7271
7272,0.8442800000000001,0.8338605795617166,0.8334912747790157,7272
7273,0.90478,0.9025464215291472,0.9002748248828847,7273
7274,0.9692000000000004,0.975048642003173,0.9715836097804756,7274
7275,0.1704,0.1416098599537889,0.1208156695632212,7275
7276,0.26523,0.2557778639684471,0.3075822340912175,7276
7277,0.23761,0.2693777400970703,0.2799854085037196,7277
7278,0.8420800000000003,0.8349289186495636,0.8337318987467587,7278
7279,0.8916700000000002,0.8903425072267667,0.8879315053909045,7279
7280,0.9576500000000002,0.9628236999510006,0.960156463034228,7280
7281,0.2911,0.3283000373535998,0.352513169582501,7281
7282,0.4509,0.5553392875417984,0.5386011229216905,7282
7283,0.4064,0.5778838920552118,0.551240746586501,7283
7284,0.8314450000000002,0.8291089149157422,0.8373058045003339,7284
7285,0.7937390000000002,0.800348358541613,0.8086718978731096,7285
7286,0.7696300000000001,0.7814763793216978,0.7908288918916905,7286
7287,-0.0324,-0.1241259499604154,-0.161948262225902,7287
7288,-0.046,-0.1585271063636781,-0.2638880274949571,7288
7289,-0.0348,-0.0944048487172608,-0.1432708922997676,7289
7290,1.0309000000000004,1.032134360352556,1.018374277284009,7290
7291,1.0255000000000003,1.0425261522898974,1.0243800487478274,7291
7292,1.0057000000000005,1.044485999337363,1.0290135116586483,7292
7293,-2.758,-1.0464711492466383,-0.3193869059621672,7293
7294,-3.131,-1.730068636843825,-0.2483644627835417,7294
7295,-1.753,-1.247583406680235,0.048251371775251,7295
7296,1.1339800000000002,1.112184497236146,1.1160495962036934,7296
7297,1.0366800000000005,1.0277378987818373,1.0265977998681766,7297
7298,0.8962800000000002,0.9017249773210704,0.8972831243408496,7298
7299,1.248,1.172930689995198,1.301437437761308,7299
7300,1.207,1.0952898533460598,1.3778797625563186,7300
7301,0.891,0.8191540276892226,1.0446882018065935,7301
7302,0.8711500000000002,0.8671619634441584,0.8647832222514619,7302
7303,0.94503,0.9355505156690532,0.9347189565069906,7303
7304,1.0575900000000005,1.0359903050244026,1.035474838886719,7304
7305,0.2356,1.2092918788178046,1.080083740595498,7305
7306,0.2326,1.613947506265507,1.320442011922963,7306
7307,0.0949,0.7283002411875117,0.5702317487105688,7307
7308,0.8623100000000001,0.8722083819025419,0.8684143315492713,7308
7309,0.9431100000000002,0.9413115785289036,0.940081301807695,7309
7310,1.0078300000000002,0.9957958508682948,0.9967469155981228,7310
7311,0.2989,1.6375219363723623,1.036458052311808,7311
7312,0.2775,1.921144708219252,1.244621680235693,7312
7313,0.1798,1.4002892739765826,0.7904323637680477,7313
7314,0.8505700000000003,0.8782495491076814,0.8857050508064339,7314
7315,0.9282800000000002,0.9410343445345196,0.9472013748360752,7315
7316,1.0036300000000002,1.001395628471326,1.0048850401411848,7316
7317,0.3774,1.7951550099459723,0.960810399354159,7317
7318,0.4323,1.975784007131253,1.0853659701562035,7318
7319,0.2874,1.4751692816980435,0.7542051676541917,7319
7320,0.7942000000000002,0.7883277537007338,0.7813772838230896,7320
7321,0.7785600000000001,0.77643601767864,0.7700199657096349,7321
7322,0.7688300000000002,0.769603931647468,0.7634911842433869,7322
7323,0.321,0.3808472614990066,0.8344397194209137,7323
7324,0.533,0.704538534806602,1.1783552882224626,7324
7325,0.574,0.793095554526289,1.1454150136946737,7325
7326,0.7173600000000002,0.7176016500050186,0.7148841047447343,7326
7327,0.7207300000000002,0.7226125546955434,0.7224440112033013,7327
7328,0.7281100000000001,0.7348433801930334,0.7393292575324498,7328
7329,0.345,0.6142427908676495,0.7039960277906516,7329
7330,0.486,0.9144701480106504,0.9283629864355945,7330
7331,0.371,0.7348845322351565,0.6866058424459425,7331
7332,0.6818000000000001,0.6675697406318605,0.6650005829381307,7332
7333,0.7340000000000002,0.7216650790321275,0.7182119600391201,7333
7334,0.7924000000000002,0.7909244247548533,0.7874150952794631,7334
7335,0.2829,0.4021626953203565,0.7029685958471248,7335
7336,0.56098,0.7045397394409036,1.0277939542602894,7336
7337,0.63978,0.7887024324381002,1.065850975184759,7337
7338,0.6899770000000002,0.6743190969595978,0.6707050235802006,7338
7339,0.7176450000000002,0.7054661338996961,0.7008143300939887,7339
7340,0.7704980000000002,0.7664192604117657,0.7604058295907549,7340
7341,0.192,0.2199794116116322,0.5791713297476235,7341
7342,0.595,0.7877522052072834,1.2758689951386373,7342
7343,0.682,0.777691925961264,1.1098484460095506,7343
7344,-6.588,-4.072821577813954,-3.253049257682203,7344
7345,-5.544,-3.8123842860533137,-2.9684977542212305,7345
7346,-2.233,-1.4895205710821315,-1.2883098505847084,7346
