,Reference,iter_0000,iter_0015
6315,0.7866000000000002,0.7764615734385625,0.7635933542004932
6316,0.6208900000000002,0.610554750600744,0.6091129133954462
6317,1.0764700000000005,1.0535472186081205,1.076086843141785
6318,1.0332000000000003,1.0455958024685856,1.0251324418401118
6319,0.9141500000000002,1.0083030625531864,0.9559903449858517
6320,0.93618,0.9872030622656429,0.9569219420800334
6321,1.6918700000000002,1.515235246672981,1.6690811965048458
6322,1.0230000000000004,1.0188829365361185,1.0117197220009593
6323,0.7228140000000002,0.749230730794967,0.7323196945019342
6324,0.7805660000000002,0.8121460411493941,0.8226826311452566
6325,0.9270100000000002,0.9602539929398468,0.9341886132771913
6326,0.9363,0.938451716899962,0.9054529874481192
6327,0.9822000000000004,1.0211596093330415,1.0033327440934692
6328,0.7738000000000002,0.7644080080797048,0.7628945845935865
6329,0.9659000000000002,0.9840967469161277,0.9819059204662138
6330,0.9828500000000002,0.9828544686813249,0.983479972852848
6331,0.94381,0.9773954654249555,0.9271799640210938
6332,0.7995500000000001,0.787978450156061,0.7871289848018779
6333,1.0117900000000002,1.081025108031421,1.0689739394062443
6334,1.0932210000000002,1.1267742582626807,1.1088221620525514
6335,1.1209900000000004,1.153129732077483,1.1315885751579375
6336,0.8646000000000003,0.8878983959386103,0.8700138577904878
6337,2.1691370000000005,1.8137052956758382,2.1149529056693126
6338,0.7650200000000001,0.7685104328914654,0.7668928698365439
6339,0.6879000000000002,0.7117073701595287,0.7115964709452982
6340,0.9893000000000002,0.9926412781018827,0.9793286549836278
6341,0.91417,0.9716093679005822,0.9446706338332277
6342,0.9942800000000002,1.0767084774917803,1.0763454033814248
6343,0.9942800000000002,1.015827857385995,1.0178560718282548
6344,0.9988000000000002,1.0436598815102918,0.9989998760799863
6345,1.0713,1.1225400226643458,1.0862471836738339
6346,1.0590000000000002,1.136462110670797,1.1004445873992499
6347,1.0282300000000002,1.0397084035489603,1.0074491813021274
6348,1.9702200000000003,1.6804466672438443,1.9068993922041062
6349,1.8194400000000004,1.598078368734677,1.7792442800222492
6350,0.8998000000000002,1.0014476145890887,0.9556415215370951
6351,0.9398000000000002,0.9435206061840586,0.9460276725273308
6352,0.9526100000000004,0.9435982119909411,0.9478165170902169
6353,0.8715330000000002,0.864642767705073,0.8708814650696282
6354,0.7182300000000001,0.7444806097275258,0.7392696826333578
6355,0.8370960000000002,0.8559745597213824,0.8682477283038597
6356,0.9498700000000002,0.9467816963965426,0.9506801061806602
6357,0.9476200000000002,0.9355325257066756,0.9310341466809029
6358,0.9855000000000004,1.0243600063019784,1.0047531124476166
6359,0.8486400000000002,0.8354218732646257,0.8378290889836587
6360,1.2585200000000003,1.2633312142631192,1.265571695602785
6361,0.9663800000000002,1.043889653717489,0.9942012547570019
6362,0.8735700000000003,0.8551676696980365,0.864712181495003
6363,0.7359900000000001,0.7588410626165732,0.7475692003680046
6364,1.0496030000000005,1.0837394298707996,1.0617855333589215
6365,1.0414000000000003,1.0404350460858138,1.0395593655177326
6366,1.2463700000000002,1.180627790377636,1.2148599358017336
6367,1.13332,1.1036058036524854,1.123461070696537
6368,1.0173,1.0744789066414198,1.0657803607383385
6369,1.26683,1.1638176216027716,1.2321154388370597
6370,1.1008000000000002,1.0789527689490424,1.1060392182247147
6371,1.0442000000000002,1.0499836774169766,1.0368598380636818
6372,0.8386800000000002,0.8165499924351249,0.8211991693209296
6373,0.7605700000000002,0.7732785570384854,0.7685481059700872
6374,0.9455480000000004,1.0748587045529787,1.0453224851478684
6375,0.8808170000000002,0.9389785266918785,0.9069325931823907
6376,0.8126200000000002,0.8636721346504336,0.8363433246137378
6377,0.9181900000000004,0.9219103585420741,0.9269143829468687
6378,0.7400000000000002,0.7251422807546751,0.7232326523118865
6379,0.8691400000000002,0.8738121432942796,0.8662051782371163
6380,0.9273600000000002,1.0163580281213507,0.9969957524646184
6381,0.9406700000000002,0.9612355851266611,0.958276007755051
6382,0.6693400000000002,0.6469273019202781,0.6509749261661059
6383,0.9960000000000002,1.0907439931887104,1.043828123101615
6384,1.1783400000000002,1.1436133791942824,1.1701287003038174
6385,0.9038110000000004,0.9101884192943697,0.8926368590939321
6386,0.8581580000000002,0.8857315978588918,0.8630852946368621
6387,0.8260470000000002,0.8709720855976223,0.8447106983138607
6388,0.9590000000000002,0.9625944474046418,0.9428380306390934
6389,0.9237220000000002,0.952181607862319,0.9254451652310637
6390,0.8989030000000002,0.9427837777057021,0.9095290324782408
6391,-2.587,-1.08930671637082,-1.4207803568895478
6392,-2.575,-1.4684758341432342,-1.7446154349859881
6393,-1.247,-0.9685289523962126,-0.8036294417778862
6394,0.9615690000000002,0.935206967420824,0.9237516510243953
6395,-2.185,-0.3151399215554065,-0.6948363328723399
6396,-2.504,-0.6612806868968875,-1.3974683991385746
6397,-1.75,-0.7572600616265817,-1.2353226551856977
6398,1.0301000000000002,1.0156166003307006,1.0045847199356215
6399,1.0416,1.0359765396422738,1.0196243123248754
6400,1.0360000000000005,1.0429948306963313,1.0238268694509993
6401,1.0522550000000004,1.0537304650809998,1.040749163671542
6402,1.048636,1.0673316314502446,1.048340712071388
6403,1.0405100000000005,1.0701327876119315,1.049863082844732
6404,-2.271,-0.437324134502461,-0.8938657833247703
6405,-2.072,-0.6719726915574,-1.1461207448147945
6406,-1.154,-0.418046734707616,-0.7200200126860921
6407,0.9960300000000002,0.9942276941511806,0.9825438805013831
6408,0.9688100000000002,0.9948589418066283,0.9731738075423677
6409,0.9466300000000002,0.9901246139722797,0.961266758710553
6410,-2.243,-0.7973817975401514,-1.0631170181158582
6411,-2.508,-1.390521395373014,-1.7219826772616997
6412,-1.219,-0.35434517808774046,-1.096780086573503
6413,1.0810000000000002,1.093904057667066,1.0825227409358116
6414,1.0880000000000003,1.1102970726709263,1.099220935540932
6415,1.0963670000000003,1.127596784029182,1.106333039946702
6416,-2.079,-1.5547802739678822,-2.5215842677321163
6417,-1.916,-1.8761185295332439,-2.2352569690577297
6418,-1.091,-1.0311574964366201,-1.3233575628365912
6419,1.0747210000000005,1.0725039637974887,1.0648017209757397
6420,-1.289,-1.0026588775461178,-1.8081297231895306
6421,-1.221,-1.8108563380643687,-2.652148103886688
6422,-0.839,-1.3755470914529155,-1.71389771109844
6423,0.7005900000000002,0.7251149882685685,0.722124319322405
6424,0.6937500000000002,0.717967295784538,0.7158607965490934
6425,0.7090800000000002,0.7337428678873368,0.7292173096321345
6426,0.132161,0.30243446794494844,0.27969428360731285
6427,0.197047,0.29488176556026247,0.3735133418126395
6428,0.158983,0.1692054434710144,0.21091221887543554
6429,1.0958900000000005,1.0960972095799268,1.0832053950710787
6430,1.1070700000000002,1.1190359013291684,1.1024303510995532
6431,1.1111900000000003,1.1301661254474045,1.111791039053794
6432,-0.521,0.1622579238927102,0.11668933564826034
6433,-1.245,0.20407866674764819,-0.020946020395481213
6434,-1.149,0.2283566940250168,-0.05116581043084523
6435,0.9013100000000002,0.8806962776233134,0.88501946837033
6436,0.8030100000000002,0.8113497278209761,0.817507074976126
6437,0.8388000000000001,0.834025139221974,0.8394056329826001
6438,-0.3026,0.6088920601317689,0.7134466073851584
6439,0.1916,1.0896852211214352,1.2735685044657892
6440,0.3259,1.017550740852526,1.061873336612269
6441,0.7933000000000001,0.8016235329401316,0.8060866076028669
6442,0.8018000000000002,0.8111611397215627,0.8182436048158683
6443,0.8048000000000002,0.8131779219022517,0.820077842004922
6444,-0.7056,-0.6327631862232863,-0.60131607650791
6445,-0.95,-0.791448333325242,-1.0749489092043394
6446,-0.7709,-0.6697642289506476,-0.6963616701703366
6447,0.9676900000000004,0.983497041570788,0.9814148754816997
6448,0.9706400000000002,0.9826271257454131,0.9825282239390332
6449,0.9755600000000002,0.9828835134108991,0.9833623872717256
6450,-1.7662,-0.0535283400953972,-0.13255086803657434
6451,-2.649,0.09616980839896883,-0.057862398760988754
6452,-1.6452,0.11453801725994595,-0.050341941746893326
6453,1.1044310000000004,1.0716175077887045,1.0720215534029547
6454,1.0977070000000004,1.0636418660853828,1.0632973027142987
6455,1.077068,1.0422490364403554,1.0424079015464498
6456,-0.5238,0.8409693869541641,0.8874953389731459
6457,-0.8384,1.4486055380828873,1.1071754312723812
6458,-0.678,1.3283335049420657,1.0403654371502142
6459,0.9583800000000002,0.9650876025871681,0.9417590157619351
6460,0.8757100000000002,0.8749253909548171,0.8616777912508192
6461,0.8287300000000002,0.8241961736740163,0.8158547361279472
6462,1.1998,1.680278597170343,1.6731947876661906
6463,1.4691,1.9967293606064658,1.9348130959464527
6464,1.2061,1.652796240696631,1.597420686672777
6465,0.9163300000000004,0.9096119591127003,0.9043925809779848
6466,0.9684700000000004,0.9708242463112282,0.9532790963161331
6467,1.0204500000000003,1.031451052069929,1.0006985529970023
6468,-0.3684,-0.20341611739712562,-0.2707409274721897
6469,-0.4943,-0.14385159289655292,-0.22904202742489588
6470,-0.3841,-0.035703334355730476,-0.1513123980630411
6471,0.9415400000000002,0.9386560572027131,0.926835421447158
6472,0.9061600000000002,0.8972818318653089,0.8948728886147276
6473,0.9854500000000004,0.9910173623580313,0.9675159698257271
6474,-0.1889,0.13287335993453553,-0.06872706991222799
6475,-0.2985,0.0718347553973615,-0.08187487114474834
6476,-0.2141,0.09879635659230246,-0.03964144906468903
6477,0.8030000000000002,0.8117432791992238,0.8173956767876749
6478,0.7987300000000002,0.805624874273261,0.8077796561644038
6479,0.7968700000000002,0.8023406700952215,0.8024655228751731
6480,0.8181,-0.6207186499675217,0.03009273304041571
6481,1.3674,-0.7307752044564992,0.25107542050164966
6482,1.2068,-0.4333748667314694,0.23614018543702286
6483,0.8771300000000002,0.8952506483055779,0.8791252726703037
6484,0.90329,0.9043831947422017,0.8902001715382587
6485,0.9379600000000002,0.9235417012667291,0.9133622230460612
6486,-1.4628,-0.48525193017785995,-0.539104596519806
6487,-2.1379,-0.7233038591680945,-0.9295764839996572
6488,-1.9642,-0.4825030498170395,-0.6349117785033964
6489,1.0013300000000005,1.0232066550999672,0.9982923727777211
6490,0.9464100000000002,1.0148087537692172,0.9764065819871542
6491,0.9223100000000002,1.0106639394422041,0.9683709689331681
6492,-4.495,-2.9774760371884383,-3.2239811918147723
6493,-3.547,-2.4034490366709917,-2.6022394523439516
6494,-1.753,-0.6842766681749595,-1.1344059216353628
6495,0.91866,0.9346393204393133,0.9214442054331418
6496,0.9459860000000002,0.9621926358025107,0.9542559759600239
6552,0.60308,0.887631753464106,0.9767845673622872
6497,0.9734540000000002,0.9914875755619392,0.9904543009442223
6498,-0.3658,-0.24073991815566842,-0.194537039824489
6499,-0.5715,-0.26669738697235346,-0.26043930542809335
6500,-0.4892,-0.307116488760272,-0.32528511067414456
6501,1.0015600000000002,1.0338453406155104,1.0159852826110345
6502,0.9991050000000002,1.0248002044328464,1.0189798315969074
6503,0.9935880000000002,1.0291887515816027,1.0026324478399602
6504,-0.6685,-2.2110814293639116,-1.9565752363571534
6505,-0.7563,-2.8481708800460828,-2.444998399484682
6506,-0.4044,-2.0328555002215367,-1.701053613116045
6507,0.9563590000000004,0.9890661864488756,0.9537653080271099
6508,0.9250360000000002,0.9507382835253974,0.9230655935157379
6509,0.9023610000000002,0.9250359311260272,0.9004329295847097
6510,0.1556,0.4036174075226331,0.28563188255512095
6511,0.3231,0.6017021573900294,0.570877190219317
6512,0.2521,0.6337627056823578,0.5884953496197483
6513,0.7105500000000001,0.6959586433947564,0.6947291658699408
6514,0.6838300000000002,0.6704840338732343,0.6691150227791142
6515,0.7392000000000002,0.7291159147000669,0.7279447106151792
6516,0.1264,0.31937765865490064,0.2531318134805076
6517,0.2144,0.4415502126787203,0.366661781980838
6518,0.199,0.3737980815981814,0.3115747052114415
6519,0.7110900000000002,0.7062188158668767,0.7054534637591959
6520,0.7250300000000002,0.717985707220868,0.7167506181927853
6521,0.7509700000000002,0.7415817905707521,0.7400868168433898
6522,0.23,0.6763723803629205,0.3756237641949838
6523,0.258,0.6284177565689788,0.5063700320112332
6524,0.18,0.4442071904231284,0.39294397773750234
6525,0.6967900000000001,0.7177114439178263,0.7175631018029243
6526,0.7110500000000001,0.7286591661776329,0.7290012643942486
6527,0.7605800000000003,0.7669400349468051,0.7658362138612341
6528,0.634022,1.1663760951600466,0.945841357660953
6529,0.638973,1.1709338668410254,1.0612336209203903
6530,0.197762,0.33663593211109344,0.1420074277229162
6531,0.8136000000000002,0.7975528221529147,0.8020312426641971
6532,0.8405780000000002,0.8234088311485344,0.8306928461668808
6533,0.7929200000000002,0.7798610854444519,0.7817915619784317
6534,0.5517,0.7806046140304375,0.6871582611431393
6535,0.7893,1.1263190044626583,1.0081982024293268
6536,0.6282,0.7799495918637547,0.7977198169015765
6537,0.7952000000000002,0.7917775489967653,0.7862979969728823
6538,0.8211500000000002,0.8242452650897781,0.8143924497303863
6539,0.8470300000000002,0.8581162485038587,0.8428630636774547
6540,0.4424,0.6711886067371324,0.5964753182267373
6541,0.3613,0.49173124543935387,0.5335258891011989
6542,0.526,0.7162442269231661,0.6324382244738445
6543,1.8698300000000003,1.6534288874078327,1.8510696043961408
6544,1.5742900000000004,1.4707795852139132,1.5790911855752052
6545,1.2851500000000005,1.2695736643923259,1.3059363576369203
6546,0.3604,-0.010172821136485766,0.16542190969845194
6547,0.404,-0.11502388594503543,0.13842996177857003
6548,0.2492,-0.1426507270243924,0.05261986357339765
6549,0.8572100000000002,0.8572233368234768,0.8570030095855986
6550,0.9322200000000004,0.9340006270356963,0.9332234565374451
6551,1.0138600000000002,1.018124259886025,1.0187360675234982
6553,0.73252,1.122280852918358,1.2219066924392195
6554,0.55438,0.91840828575274,0.8281969021620839
6555,1.002592,1.0537827256806473,1.0451000378145237
6556,0.9936870000000002,1.0277934748450703,1.0223304766537775
6557,0.9825660000000004,0.9969716887226941,0.9955802179934246
6558,0.612,0.7673085110515245,0.4094100698322336
6559,0.824,0.9609894882282504,0.8554362829381006
6560,0.779,0.7971688842187561,0.8904500327921312
6561,1.0161020000000005,1.0508816417683446,1.0325558399128472
6562,1.0044450000000005,1.0353483668907708,1.0201135338101277
6563,0.9906030000000002,1.0105383250814242,1.0021456562727566
6564,-0.032,0.151128824296336,0.023673815652799135
6565,-0.12,-0.14073616423755198,-0.7878428318694546
6566,-0.093,0.15090062593753828,-0.38550394827015566
6567,0.9921000000000002,0.9627719421852957,0.9648057458863328
6568,0.9797000000000002,0.9540431175677504,0.956430534120369
6569,0.9690000000000002,0.9515691408423752,0.9550035916957689
6570,0.8654400000000002,0.8761291753992154,0.8802530336100209
6571,0.9375600000000002,0.9406591239908058,0.941170776201643
6572,0.9823500000000004,0.9820042908305108,0.977890895545358
6573,1.1352,0.3382711561963596,0.7951071061083574
6574,1.5703,0.5164937470279796,1.192359767367563
6575,1.3758,0.29323589378942927,0.8916274821021801
6576,1.0652000000000004,1.1073193988837127,1.0938238773130395
6577,1.0694000000000004,1.0885967225194195,1.0883406511016502
6578,1.0630000000000002,1.058268366415262,1.0713615838042816
6579,0.313,0.580578920740777,0.3178623882749605
6580,0.393,0.6739201099273657,0.3304107593699257
6581,0.272,0.49430260858991915,0.34652725886488156
6582,1.0536,1.072879918900107,1.0618501984789492
6583,1.0674000000000003,1.0605544230259452,1.0702332568397008
6584,1.0256,1.0756275696790076,1.0385130054677094
6585,0.244,0.34029795163044696,0.13673618602328474
6586,0.356,0.6514077848433999,0.3369831105987373
6587,0.206,0.4161708885333155,0.21238306560289288
6588,0.9336500000000002,0.942903919904658,0.932846858808115
6589,0.9931600000000002,0.988793440871495,0.9925494586283018
6590,1.0396,1.0246164136026878,1.038962900568127
6591,-0.154,-0.1551708073963738,-0.25633398116804074
6592,-0.22,-0.17044461434942093,-0.2975902238942325
6593,-0.175,-0.030239665490739753,-0.2479139588247392
6594,0.9525650000000004,0.9605824368194094,0.9560447693180845
6595,0.9124250000000002,0.9244511573357674,0.9139849557374777
6596,0.8933350000000002,0.9086098124640655,0.8939064754010217
6597,0.0898,0.12640096787608002,0.09389309540655688
6598,0.1573,0.14770956088599974,-0.017157134380966
6599,0.1564,0.08640769852515007,0.016428149413840742
6600,0.9261620000000004,0.9325986628644428,0.9307269759629138
6601,0.910915,0.9211176626590826,0.914372116066216
6602,0.8802920000000002,0.8968559613853155,0.8807029602705346
6603,0.1057,0.054119591966369285,0.02892435132944371
6604,0.1728,0.07793854312961201,-0.017160360687078935
6605,0.1352,0.14912116221312033,0.06666928670314576
6606,0.9348570000000002,0.9331766700442192,0.9309105536918818
6607,0.9179640000000002,0.9220609955039049,0.9154640217934487
6608,0.8976640000000002,0.9101124226578688,0.8959356736018175
6609,0.1036,0.06607810188076257,0.0051176364700751265
6610,0.1271,0.12994825346977734,0.007249417952408521
6611,0.0924,0.08820404327340725,0.008061423295259829
6612,0.9329390000000002,0.9343487371358159,0.9327705019873976
6613,0.9162950000000002,0.9231437999599621,0.9157241418795175
6614,0.8827950000000002,0.8970799508192357,0.8811853602766311
6615,0.0975,0.23031975295085516,0.10810243394570307
6616,0.1741,0.18114971084865772,0.06841153029069602
6617,0.0948,0.06358358110620088,0.025282958041628945
6618,0.8299700000000002,0.8207274275564681,0.8265922294911803
6619,0.7849200000000002,0.789400302811973,0.7914265915813756
6620,0.7573100000000001,0.7699690141069169,0.7695711619206691
6621,0.0593,0.006361322821447857,-0.033557903314118676
6622,0.0323,-0.016086610433376336,-0.11474664754901198
6623,-0.0091,-0.055067523876147106,-0.07900301923548625
6624,0.7440910000000002,0.7626442146620493,0.758829828228575
6625,0.7925060000000002,0.7964571247590215,0.7964071632288116
6626,0.8263210000000002,0.8199997386357454,0.8220928210715859
6627,-0.0732,-0.1652066221733577,-0.11200756209407814
6628,-0.0954,-0.1909982623089661,-0.14817768176963853
6629,-0.0785,-0.14881404973768042,-0.09445540578276734
6630,0.7878250000000002,0.7997111967191187,0.7996203596547888
6631,0.8355300000000002,0.8368433938763707,0.8399117976678795
6632,0.7293950000000001,0.753161500218809,0.7489015641233838
6633,-0.0302,-0.09584755166601155,-0.05820623395773339
6634,-0.0957,-0.255900230245814,-0.25498104785071973
6635,-0.0791,-0.18091125083783766,-0.22531127679786778
6636,0.7376660000000003,0.7628626355591654,0.7601460859367227
6637,0.7723510000000002,0.7955854303472518,0.7974538561166634
6638,0.7971450000000002,0.8197841411877524,0.8242791760826422
6639,0.007,-0.026156856792752592,-0.034097771357792794
6640,0.0071,-0.048961627066972824,-0.01970744935007218
6641,0.0035,-0.06523096790071747,-0.03468392156129596
6642,0.9848000000000002,0.9584507721968358,0.9611194108822929
6643,0.9704000000000004,0.9522143256982526,0.9548973471206665
6644,0.9614000000000004,0.9490704613138352,0.9521272191340652
6645,0.8305800000000002,0.8398934635601932,0.8272110914331013
6646,0.8769800000000002,0.9005985467695516,0.8790556507995516
6647,0.9312200000000004,0.9715475510731598,0.9395421910072174
6648,1.262,1.7468013324111098,1.6006034187609828
6649,1.588,2.155623119284911,1.9878062952209348
6650,1.124,1.5403363096440899,1.4212805284537637
6651,0.9305900000000004,0.923123153638197,0.9137509070895397
6652,0.9160300000000002,0.9150887120725038,0.9029984051333966
6653,0.9000800000000002,0.9088962415845964,0.8919736286320441
6654,0.05827,0.006239552284512229,0.07181101522860445
6655,0.08658,0.0073389883504120235,0.15301809689908907
6656,0.07698,0.056547562682766284,0.06860290964553428
6657,0.9594500000000002,0.9630229978681517,0.9479046966698986
6658,0.9775400000000002,0.997326638418344,0.9724127335517904
6659,1.0030000000000003,1.0464801005343827,1.0079441293928606
6660,0.20076,0.11816661913897519,0.1477459778927397
6661,0.28584,0.30261011917254166,0.19645631064108215
6662,0.23662,0.2727177749647467,0.19109181722154744
6663,0.9616800000000002,0.9636256780883435,0.9503712567058356
6664,0.9994100000000002,1.0393745853934668,1.0043168345909155
6665,0.9737000000000002,0.9981189586013884,0.9720988302213737
6666,0.0783,0.220156816245634,0.045981442511489945
6667,0.1032,0.401764036297493,0.0890194828025983
6668,0.0694,0.36132623817204035,0.19428593882526002
6669,1.9319600000000008,1.6938154206258078,1.9044805687531867
6670,1.6620300000000003,1.5413641841814765,1.6597825901876964
6671,1.06428,1.1233356296045383,1.0893105060118535
6672,0.653,0.384883495405532,0.39912175795035765
6673,0.8123,0.4899514561783853,0.6076277525364837
6674,0.1715,0.11474367700704136,0.15963174967919613
6675,1.8774400000000004,1.6511432504991634,1.848668362852968
6676,1.5834900000000005,1.4644532008407785,1.5725462552150438
6677,1.2862400000000005,1.2524401737849384,1.2871945964083162
6678,0.2594,-0.31413709245249954,-0.09796413732076203
6679,0.2577,-0.40908366891206605,-0.12190558442048705
6680,0.1202,-0.2986121453251833,-0.10065825563573938
6681,1.7174300000000005,1.532216729275905,1.6797009244764536
6682,1.5338800000000006,1.4166810841083148,1.5125567256752661
6683,1.2277600000000002,1.2003618255389985,1.2253607150731252
6684,0.313,0.10329518241431401,0.1926287702546503
6685,0.3912,0.1982651682045775,0.2794051317329682
6686,0.2115,0.1771997177888167,0.19965073230394026
6687,1.7949900000000003,1.5965294048030074,1.7693353220188164
6688,1.4941800000000005,1.3934276813838338,1.4801996623404734
6689,1.2059400000000002,1.176917805394871,1.1997951658912636
6690,0.09,-0.5877727901420542,-0.23123560843317037
6691,0.0195,-0.8174203953124142,-0.37061923199265223
6692,-0.0281,-0.5446195968652319,-0.24310651895469704
6693,1.0297000000000005,1.049408289046413,1.0307605122233017
6694,1.0502000000000002,1.052548707296126,1.0508287227601674
6695,1.0661000000000005,1.0532543047020901,1.0661241437372473
6696,0.374,0.48599249383629317,0.44474152332278827
6697,0.49,0.7591334825078491,0.6032804924344646
6698,0.379,0.6359942391292321,0.6622571345776009
6699,0.9898800000000002,1.0060233037453576,0.9777325335954039
6700,1.0247000000000004,1.0270625058646397,1.0178006957930106
6701,1.0415000000000003,1.0296628620261599,1.0371517427788586
6702,0.436,0.22955527397154185,0.058146865556068406
6703,0.545,0.37332677204021536,0.17763071580944256
6704,0.373,0.46598326037440074,0.2321899718559024
6705,0.8045220000000003,0.7994167895471408,0.7995772824554549
6706,0.8027400000000002,0.7920233296141991,0.790399913686196
6707,0.8015550000000001,0.7872170263515358,0.7848466849028263
6708,1.177,-0.010940425375608243,0.6889335748188827
6709,1.467,-0.07188955310895295,0.8218131888585773
6710,1.123,-0.08401925148633893,0.5257317099532131
6711,0.6892400000000002,0.6838574486652375,0.6832365710942563
6712,0.7409000000000001,0.7270763611481559,0.7320943570433407
6713,0.7855000000000002,0.7670358382550533,0.7751376118245011
6714,0.6047,0.7427350839815574,0.72168756828097
6715,0.9235,1.1240315039554503,1.09426335790738
6716,0.7775,1.039069561628196,0.8983954817424831
6717,0.7117300000000002,0.7308671691425686,0.7267427339382262
6718,0.7348100000000001,0.7487433236635574,0.742934317657367
6719,0.7497500000000001,0.7613584191781101,0.7531216724574001
6720,0.10948,0.2797950056746288,0.17361090401232104
6721,0.11538,0.3747961144549663,0.2511950284372517
6722,0.07397,0.27659380971127234,0.1677013604095805
6723,1.0222800000000003,1.027128520091968,1.0222417452618207
6724,1.0318300000000002,1.0988149155025426,1.07580878923055
6725,1.0370100000000002,1.0813057547050953,1.065536609307407
6726,-1.713,-0.8662524578405204,-1.0068257991049734
6727,-1.711,-1.9964397841579853,-1.8068258151377847
6728,-4.15,-3.104834441088464,-3.2137258051427153
6729,1.1777100000000005,1.1526419827425958,1.1661153732230758
6730,1.1269600000000004,1.1292430720405977,1.126578636979953
6731,1.0461600000000004,1.0890572446087339,1.062104191886377
6732,0.0793,0.5692922266909974,0.48747629351368005
6733,0.1028,0.7044449171130083,0.5416550203621817
6734,0.0733,0.5697156170004369,0.44498169006248744
6735,1.1395000000000002,1.126219065237969,1.137762670790219
6736,1.08831,1.1023868297282062,1.0965381689594222
6737,1.03754,1.0790310025001089,1.0553262779986932
6738,0.2064,0.5753670873172894,0.48684119633414724
6739,0.3503,0.8779633665803175,0.7250925230044913
6740,0.2841,0.6568209853499987,0.5711766273921732
6741,1.1687800000000002,1.1363455650443814,1.1556146027957739
6742,1.06852,1.0779337732643064,1.0769128294507597
6743,0.9922300000000004,1.0272419872081797,1.0124011876456458
6744,-0.1475,0.22555195678121365,0.25061091319719964
6745,-0.2501,0.2501331093598296,0.234860601297612
6746,-0.2029,0.17286267536507438,0.14657360568024558
6747,1.1039800000000002,1.0894809765320708,1.097088190775828
6748,1.06509,1.0619943967707945,1.0628090751366128
6749,0.9873800000000004,1.0034138188938586,0.9930437220979897
6750,-0.4196,-0.01030533146432333,0.04685691253779822
6751,-0.2,0.05112203197635523,0.07006672504256528
6752,-0.205,0.04412006468207608,0.02482771263082384
6753,0.7932000000000002,0.8037043034153358,0.8088435644545553
6754,0.7789000000000001,0.7894692727776562,0.7902368550030765
6755,0.7709000000000001,0.7819475279289293,0.7799653356400612
6756,0.448,0.29717776533534135,0.8321137636090441
6757,0.8937,0.888435581522927,1.164504402164198
6758,0.9727,0.8276945945702607,1.120299237911425
6759,0.9198400000000002,0.9637918000608897,0.9341767149950725
6760,0.90817,0.943298211716569,0.919260530012067
6761,0.8955000000000002,0.9209497081570818,0.9017255936301508
6762,0.422,0.35956260775278537,0.361059815353336
6763,0.409,0.31919631079843214,0.35607202294214346
6764,0.219,0.2398316354769321,0.16007951897052664
6765,0.8375100000000002,0.8411058841381943,0.8268612133160906
6766,0.8627500000000002,0.8736017428344827,0.8588321188086842
6767,0.8756700000000002,0.8893418001905148,0.8745327318891186
6768,0.736,-0.25725062599986614,0.33559815335659593
6769,1.091,-0.33990825943959635,0.5424319680278415
6770,0.812,-0.2363116937795624,0.31185503961787475
6771,0.8088000000000002,0.8087839111535542,0.7914490555475667
6772,0.8956100000000002,0.9340568642461622,0.9015527725894037
6773,0.9321000000000004,0.9899177940240127,0.9481223743225546
6774,0.311,0.08835445801940622,0.27354499822818923
6775,1.179,0.2106908462350745,0.8414404630812413
6776,1.105,0.20002709462197643,0.718727910224306
6777,1.11431,1.086400727833316,1.1023564192451332
6778,1.0064000000000002,1.0009881017481264,1.0041442442331359
6779,0.9416300000000002,0.946167512444564,0.9426309422692069
6780,-0.317,-0.5051122571994853,-0.3541407917781072
6781,-0.557,-0.7019240246478304,-0.47323837175447636
6782,-0.357,-0.5105179605371717,-0.37146719193458466
6783,1.1862000000000004,1.1490722727239298,1.1647213189192525
6784,1.0957000000000003,1.094076022109478,1.0798358398124748
6785,1.0336,1.0481526193654305,1.0184842149665971
6786,-0.575,0.04037925098701578,-0.03467946161845248
6787,-0.663,0.05760220777514036,-0.05733760220142159
6788,-0.531,0.04937095423640159,-0.05414897231813853
6789,1.0879000000000003,1.0760160858055552,1.0788832087512041
6790,1.0524000000000004,1.0534474348654184,1.0418010312582966
6791,0.9934000000000002,1.0128989155792363,0.9807711296498068
6792,-0.039,0.39463099439666394,0.3607475964118123
6793,-0.056,0.612269701056519,0.5381377247788564
6794,-0.052,0.4396889586033197,0.408167280466067
6795,1.0486000000000002,1.0398831707515506,1.0464855319596393
6796,1.0190000000000003,1.0228201213091295,1.013500318770164
6797,0.9943000000000002,1.0077721360254224,0.9853971969975772
6798,0.195,0.634296884860774,0.5789607681381881
6799,0.34,0.9339713273051444,0.7478421419475296
6800,0.24,0.6854901980405685,0.5436974699719528
6801,1.1413000000000002,1.1109449958096416,1.118816830902136
6802,1.0774000000000004,1.0616354992901642,1.054400588327325
6803,1.0181000000000002,1.0114861150028829,0.9921675978680496
6804,-0.586,-0.41547239156131965,-0.38522745367777844
6805,-0.885,-0.6566444690945774,-0.4881829535531761
6806,-0.706,-0.4620817875309937,-0.382667185715313
6807,1.0978,1.0767129632116494,1.086275386771438
6808,1.0407000000000004,1.030355162533525,1.023545462180978
6809,1.0011000000000003,0.9962589671035277,0.9795993875118656
6810,-0.188,-0.11962421454487071,-0.05947149259554152
6811,-0.314,-0.1215181336584763,-0.08875635346679189
6812,-0.281,-0.16078554666082923,-0.1318736912470584
6813,0.7460000000000002,0.7607889405400371,0.7564284991305654
6814,0.7317000000000002,0.7509637551530178,0.7465148985104956
6815,0.7614000000000002,0.7721563074872865,0.769132965189383
6816,0.201984,-0.046357272295615815,0.2641419586466327
6817,0.400777,0.10569554305715201,0.34710421830385485
6818,0.441139,0.1601419060210887,0.47195672239818975
6819,0.8761000000000002,0.8678232559849868,0.8694427810878028
6820,0.8778700000000003,0.8796765500216703,0.8729155685672096
6821,0.8789500000000002,0.8903891583076223,0.8759405952137328
6822,-0.1608,0.008891078921436701,-0.1211812634524847
6823,-0.2365,0.05977287048898461,-0.12057527165009674
6824,-0.1399,-0.04596818329520147,-0.04091372716865749
6825,0.8669900000000003,0.8574604680212111,0.8588731213124261
6826,0.8715100000000002,0.8712852459686928,0.8657303825623043
6827,0.8754100000000001,0.8848555604543719,0.8722235399987932
6828,-0.1687,0.04768512738235131,-0.07996856375771699
6829,-0.2225,-0.017721457933177476,-0.14311666905268794
6830,-0.1629,0.15400574873980588,-0.054127044335729124
6831,0.8770400000000002,0.8611491165597635,0.863191396774775
6832,0.8779900000000003,0.8737147484472643,0.8678058648041067
6833,0.8787800000000002,0.8864890217971896,0.8727759285571242
6834,-0.0613,0.1095118781260851,-0.05706129272675753
6835,-0.0342,0.13768852887329786,-0.09380515847814763
6836,0.0421,0.1574500278987898,0.02162141030757425
6837,0.7046500000000001,0.7233150882506055,0.7240116693128953
6838,0.7214400000000002,0.7367721691217813,0.7372581788096583
6839,0.7589500000000002,0.7666986639020448,0.7671460275539882
6840,0.308,0.619923961796701,0.49710371839454126
6841,0.6544,1.140408535321086,0.748712933112273
6842,0.6025,1.2261640294560863,0.7013721811727436
6843,1.0838100000000002,1.0992010227825193,1.0763198056912704
6844,1.0866900000000004,1.118518420485682,1.0867305592501295
6845,1.08031,1.1254027846960883,1.0872469606918616
6846,-2.426,-1.7648212929361335,-2.2028988616172995
6847,-2.2633,-2.15148100078261,-2.309137429675417
6848,-1.7936,-1.6908686683205474,-2.217844784083269
6849,1.0497600000000002,1.053033833440475,1.0477072127158142
6850,1.07136,1.0823978990854262,1.0714723054684359
6851,1.0857000000000003,1.102628014209758,1.0870493836863941
6852,-0.4216,-0.1359022717021503,-0.2339273583351087
6853,-0.4574,-0.27669592636215157,-0.31541138500341503
6854,-0.3712,-0.13467779072325925,-0.27159868177736257
6855,0.8119000000000002,0.8329574432032432,0.8227437903481307
6856,0.7803000000000001,0.8015680503153666,0.794757013023559
6857,0.7279000000000001,0.7506018059247298,0.7470168268260049
6858,0.884,1.1889390429508921,1.2452311249454056
6859,1.053,1.5275601267583596,1.4733854773939612
6860,0.789,1.2375731419483316,1.2824596761770124
6861,0.8180300000000001,0.849808215072183,0.8361582219150872
6862,0.7495700000000002,0.7777653925544602,0.7716405648344472
6863,0.7176000000000002,0.7436579511758556,0.74033385602844
6864,1.385,1.7203189727835877,1.5348678541846112
6865,1.759,2.1902271002761466,2.131663941031462
6866,1.149,1.5169053947316513,1.495668199950785
6867,0.9105300000000002,0.9388251723655158,0.9167978620114782
6868,0.8996200000000002,0.9233981536448029,0.9047160379861161
6869,0.8914700000000002,0.9116303945836203,0.8947645175162473
6870,0.173,0.13379996238401048,0.11910346407858086
6871,0.238,0.13201061688880955,0.16307008691766
6872,0.178,0.09498084993920486,0.06595669448515196
6873,0.9147400000000002,0.9444497086006258,0.9218589257547216
6874,0.9041900000000004,0.9290986151081522,0.908876995354924
6875,0.8997600000000002,0.9224611123998123,0.9040380262494998
6876,0.102,-0.032414583662102814,0.0018788373691229765
6877,0.151,-0.0357618314379371,-0.0009804166772815481
6878,0.122,-0.07631082777632514,-0.054492599464456504
6879,1.0128,1.0138083238907392,1.0042041646964885
6880,0.9470000000000002,0.9460480320491995,0.941926500633555
6881,0.8676000000000003,0.8633393799426832,0.8638809052106883
6882,1.3784,0.45377337136230267,0.9664700169665679
6883,1.6361,0.47897296548698876,1.092037094319437
6884,1.2579,0.41561277313746814,0.8045104944565651
6885,0.9043500000000002,0.8913095298619403,0.8959636890374418
6886,0.9220400000000002,0.9141036317904097,0.9173871265261823
6887,0.9503300000000002,0.9573703263106375,0.9566916094605983
6888,0.5893,0.5691929085031404,0.5378649588717224
6889,0.609,0.5919404227482801,0.5393907093670407
6890,0.3441,0.2626530195052794,0.26415309817730304
6891,0.7860300000000001,0.7726140407183036,0.7709032764231415
6892,0.8661300000000002,0.8416540234467168,0.8414154566215961
6893,0.9082800000000002,0.8913516421000404,0.8920753786014922
6894,0.7315,0.8754806244423321,0.742309902023436
6895,1.4275,1.8152042311050707,1.6367443160200708
6896,1.245,1.3806729823644446,1.3847123952637617
6897,1.0275000000000003,1.0764048292930841,1.0585957871494456
6898,0.9928000000000002,1.0848257928272753,1.062149920573871
6899,0.9718000000000002,1.0805835386294163,1.0514394393927455
6900,-6.523,-4.165356132379184,-4.24728812137435
6901,-5.417,-3.729162884304671,-4.027485175185632
6902,-3.393,-1.9549606145399423,-2.0190150796430544
6903,0.9584000000000004,0.9694618110119358,0.9550145557724486
6904,0.9886300000000002,0.993767065583936,0.9854384775122463
6905,1.0163500000000003,1.0175938301714564,1.014438600072271
6906,-0.3853,-0.21237422540508533,-0.28101962833639504
6907,-0.4578,-0.33452445819568766,-0.2589456773857819
6908,-0.3019,-0.13703493305469294,-0.26485163764841957
6909,0.8849000000000002,0.8787280041039461,0.877475443645894
6910,0.8995700000000003,0.9011691037658136,0.8933618572210653
6911,0.9134500000000004,0.9223688860331501,0.90881372642956
6912,0.6303,0.5358999418462815,0.6810363724490855
6913,0.4912,0.6412793892337731,0.5304879519046608
6914,0.2326,0.4241350550082643,0.32485566010306854
6915,0.9443,0.9587128405460265,0.9378202593043629
6916,0.9170700000000004,0.9510028763286972,0.9254035395046784
6917,0.8915100000000002,0.9444095402409802,0.9135876514776903
6918,-2.514,-0.4541809968403907,-0.5860607762701804
6919,-2.706,-0.9031296724267897,-1.1431724820339824
6920,-1.26,-0.8011427964450846,-0.607159148504735
6921,0.9355040000000002,0.9504663569952659,0.9334065592755109
6922,0.9962350000000002,1.0213760514050587,1.0011984756814711
6923,1.0336070000000002,1.064645653092645,1.0427993377330333
6924,1.083,0.7143831085167491,1.236790844688656
6925,1.426,0.8462831830932913,1.4221852905921395
6926,1.184,0.600770140000435,1.0639037170402048
6927,0.9013080000000002,0.9284137575822056,0.9244350764779132
6928,0.9563730000000004,0.9869522724006073,0.9762449420059521
6929,1.0176930000000002,1.0524695050420003,1.032685561212223
6930,1.955,1.530212010866137,1.955371018717166
6931,2.369,1.832825333835359,2.3266008917533014
6932,1.804,1.0631465521856285,1.5162921430476501
6933,0.8987460000000002,0.9216246937250335,0.9152372199349256
6934,0.9511160000000002,0.9785653600763611,0.9675855878525916
6935,1.0145710000000003,1.0471108869309014,1.0287770362772708
6936,2.053,1.510040447988227,1.984634113660146
6937,2.542,1.589169978075077,2.3537146458101432
6938,1.907,0.9177043449137159,1.6350380402373048
6939,0.9983500000000004,1.0014016049853522,0.9918258565722164
6940,1.0158200000000004,1.0186682393408413,0.9998281502526399
6941,1.0207400000000002,1.0243001451668272,1.001929958839508
6942,-0.3157,-0.27602067414184006,-0.28775621448815514
6943,-0.4356,-0.41651589304467507,-0.38577092790952605
6944,-0.4013,-0.34451576980198695,-0.35383658254642114
6945,1.0106200000000003,1.008069461431562,1.0078883086174861
6946,1.0431300000000003,1.0312839274760006,1.0306238573405622
6947,1.0872000000000004,1.0624036118717841,1.0622387193259162
6948,0.165,0.31650881418510224,0.43424982023611847
6949,0.2031,0.2622960841237507,0.21703481595951146
6950,0.0972,0.18036688816714275,0.28845427012738867
6951,0.8595400000000002,0.8757425510266248,0.8595525669422296
6952,0.8440100000000001,0.8572002095007092,0.8445217320031393
6953,0.8227400000000002,0.8320294073372341,0.8239040904855935
6954,0.75364,0.590593784775507,0.8234370969910145
6955,0.8491,0.6036059939498557,0.9685339222173752
6956,0.57017,0.4278520007551059,0.6216705377856222
6957,0.9338000000000002,0.9323348253421563,0.9249015554339248
6958,1.0196000000000005,1.0231117140782486,1.0180520501572385
6959,0.10027,0.28446985664988844,0.31061565406235303
6960,0.11785,0.32453489106307387,0.3562773584821741
6961,0.08238,0.3158211049820778,0.2905394566463215
6962,0.9863750000000002,0.997209834179242,0.9977275826748813
6963,0.9912370000000004,1.006546599298344,1.0075015118154418
6964,0.9936220000000002,1.012190887480449,1.0145202304228536
6965,-0.8915,-1.3002429333112389,-1.45626240355098
6966,-1.0329,-1.5963823088616849,-1.7620210803121807
6967,-0.7828,-0.9479650887354651,-1.122437952778327
6968,0.9597930000000002,0.9668751056773685,0.9696278388329552
6969,0.9748990000000002,0.9864010620300683,0.9886486606212895
6970,0.9854410000000002,1.0016075741785904,1.0040080617524485
6971,-1.2462,-1.2866169533306397,-1.4629328238980221
6972,-1.4976,-1.3386539934133594,-1.5946370616344048
6973,-0.8656,-0.788338335739418,-0.9118467937710975
6974,0.9668750000000004,0.9654786245825663,0.9682566891653032
6975,0.9795770000000004,0.987853789869066,0.9898471775512064
6976,0.9867010000000004,1.0005157119861892,1.0028079033117554
6977,-1.1196,-1.0279076407840506,-1.239907615837751
6978,-1.4091,-1.3263800166626822,-1.5355185047955473
6979,-0.8735,-0.7406315801063386,-0.931036021677393
6980,0.9662520000000002,0.9693797866363559,0.9727085707391343
6981,0.9765780000000002,0.9854926658071185,0.987462583872223
6982,0.9868740000000004,1.0022878200932273,1.0045550882847964
6983,-1.1791,-1.333213972034546,-1.2996657835469456
6984,-1.4295,-1.4395385030331127,-1.5946798282616186
6985,-0.8885,-0.8685992777853855,-0.8567104782588544
6986,0.8751500000000002,0.8873015565178289,0.8802964297265966
6987,0.8744300000000002,0.880391433033678,0.8764974123842619
6988,0.8736600000000002,0.8716777460385655,0.8720345863535772
6989,-0.014,-0.05384135511663146,0.0006954994537835546
6990,-0.0245,-0.02440024298870469,-0.07248597959122094
6991,-0.0245,0.03014127369247177,0.0577958024801859
6992,0.9768950000000002,1.0114203859172222,1.0087642375751165
6993,0.9457730000000002,0.9679558174304095,0.9645705793881735
6994,0.8786430000000003,0.8833469690474316,0.8805366997300577
6995,-0.746,-0.4901681360690313,-0.46484579449395635
6996,-1.165,-1.0992282424343198,-0.7861509696449893
6997,-1.076,-1.2783138501056257,-0.9348622192413991
6998,0.9502900000000002,0.9773047662090936,0.9643296577906448
6999,0.9107940000000002,0.9260732423070748,0.9162219367400048
7000,0.8565010000000002,0.8587121549321582,0.8524763181483096
7001,-0.5,-0.6564155825922029,-0.8878914150373873
7002,-0.672,-1.0015868564609294,-0.9483446234138633
7003,-0.525,-0.7620369270308185,-0.7254824948454033
7004,0.7719000000000001,0.772458048443716,0.7745604656970809
7005,0.7761000000000002,0.7862841798358214,0.7905113783005252
7006,0.7711100000000002,0.7671702828969823,0.7674793024211717
7007,0.438,0.5990294742494058,0.5058672236978019
7008,0.801,0.9792593852567251,0.8535984732932391
7009,0.702,0.9597795610162052,0.9005093012646626
7010,0.8083340000000001,0.8072887629216865,0.8079898136586903
7011,0.7865310000000001,0.78182971652427,0.7808165990329541
7012,0.7621850000000001,0.7538840020365817,0.7533480942893412
7013,0.2316,0.4950343961590704,0.281161484502789
7014,0.392,0.6618709697004874,0.5133038093580922
7015,0.4261,0.7939253858983761,0.6277264424631852
7016,1.0118000000000005,1.0207456788165226,1.0176916718058335
7017,1.0059000000000002,1.0314166227763373,1.02638173985928
7018,0.9975000000000004,1.03364702992331,1.0281371483526496
7019,-2.501,-0.337697586316839,-0.7099236666911537
7020,-2.462,-0.509839056342873,-0.8988099732356201
7021,-1.531,-0.558955390016787,-0.6773881246346187
7022,0.8675700000000003,0.8613900306780153,0.8633123127856781
7023,0.8707300000000002,0.8711802583777745,0.8690394889734087
7024,0.8734100000000001,0.8810688788252106,0.8743917373429371
7025,-0.1404,-0.20979256684881875,-0.3174079780841339
7026,-0.1583,-0.3620170688579947,-0.3805154985810475
7027,-0.1135,-0.16057151084626753,-0.15900161561901882
7028,0.7424910000000001,0.7419749577956659,0.7406799197325789
7029,0.8106920000000002,0.818315635840068,0.8149401976357109
7030,0.8897150000000003,0.9080601753138469,0.9015358832122596
7031,1.539,1.6617987877723834,1.4467088407892135
7032,1.676,1.882391688456167,1.8268794916657782
7033,1.126,1.503972825260675,1.0581332703007575
7034,0.8233530000000001,0.8215250955221706,0.818587482157595
7035,0.8759620000000002,0.8833812736180185,0.878212459041718
7036,0.9289450000000002,0.9511731460248577,0.9403484979150833
7037,1.521,1.551239812761736,1.6788128471536936
7038,1.628,2.0591864090514065,1.6755842478924308
7039,0.972,1.344313956641841,1.2106442016808359
7040,0.8935250000000002,0.889028971015545,0.8908320279827698
7041,0.9235800000000004,0.9333908556725815,0.9290869720693987
7042,0.9531280000000004,0.9777717583772875,0.9665197439144942
7043,0.459,0.8301500089211231,0.7245679235454503
7044,0.497,0.7164001868693646,0.6993155920521872
7045,0.287,0.2678195260679104,0.5469369497720749
7046,0.7540050000000001,0.7673749518467493,0.7575728915244798
7047,0.7766620000000002,0.7818733729074488,0.7749743787164
7048,0.7918920000000003,0.791464322476479,0.7862129115367323
7049,0.088,-0.052634085253274066,-0.09785516005190686
7050,0.162,-0.11400492513330107,-0.1384647625835953
7051,0.137,-0.034938973233380466,0.11420908269371921
7052,0.7655110000000002,0.7774439740583862,0.7689205198881782
7053,0.7778490000000002,0.784871407938651,0.7782172750489404
7054,0.7951660000000003,0.7943908497814635,0.790304521050015
7055,0.164,-0.062300117334217475,-0.012286361935480272
7056,0.278,-0.14618987291612484,-0.036239869256917245
7057,0.256,-0.10952727822666475,-0.1128979998264299
7058,0.7465820000000002,0.7634198505267311,0.7508850257510603
7059,0.7684760000000002,0.7769490365659872,0.7684558442209793
7060,0.7899410000000002,0.7896239202782568,0.7843236040606321
7061,0.216,0.1777507726007599,0.1659712880703239
7062,0.419,0.21529973464461705,0.2598931803899376
7063,0.412,0.08583499589259702,0.24430771128940876
7064,0.8354000000000001,0.8187138243956121,0.8221489181200118
7065,0.8312000000000003,0.8177346691619556,0.8211140850288837
7066,0.8238000000000002,0.8167248643112319,0.8182928777328022
7067,0.782,1.1508578057595003,0.8779078052438649
7068,0.858,1.220840358174371,0.909818291461022
7069,0.532,0.8270902125322692,0.4861188825165925
7070,1.1613400000000005,1.1556893463480447,1.1626535848237525
7071,1.2137500000000003,1.2147224990081356,1.220450642416063
7072,1.2418100000000003,1.2478435071925438,1.2548761595184632
7073,-0.292,0.39561787463487974,-0.3395508861829484
7074,-0.547,0.6761847152339797,-0.10901636927155778
7075,-0.56,0.635778012791941,0.199775650826731
7076,0.9268000000000002,0.9161483413600262,0.9136628968136686
7077,0.9575000000000002,0.9548611437762254,0.9449000531188408
7078,0.9862000000000004,0.9901638105270957,0.9711648147163517
7079,0.081,0.5757755053037528,0.4895091136714882
7080,0.152,0.8259658833613486,0.6991122389585769
7081,0.145,0.7635291684761683,0.5581882334402763
7082,0.8970000000000002,0.8900007477755189,0.8905105457255797
7083,0.9389000000000002,0.9386534756857963,0.9301784574327175
7084,0.9715000000000004,0.9757972622406706,0.9594800217264989
7085,0.232,0.7090002559138497,0.6924055819967236
7086,0.416,1.0504247775150901,1.0019519886641604
7087,0.319,0.7523432649531969,0.6929300446145277
7088,1.1953000000000005,1.161500859524577,1.1785462431848863
7089,1.1283000000000003,1.1204294629531204,1.115288101044283
7090,1.0851000000000002,1.0877397315303274,1.069407856320061
7091,-0.8587,-0.3747457029819188,-0.4004222098771777
7092,-0.8118,-0.5511217072395453,-0.4819998348757082
7093,-1.264,-0.6584120674130602,-0.5316987667934114
7094,1.1142000000000003,1.096269332518906,1.1055093186126066
7095,1.0840000000000003,1.078624368466438,1.0737330192828751
7096,1.0627000000000002,1.065447248200444,1.0496676199863813
7097,-0.406,-0.1802808285831361,-0.13814195886558878
7098,-0.678,-0.08350097443025106,-0.11147537117030026
7099,-0.583,-0.11973339385267678,-0.07367236177074687
7100,1.0584000000000005,1.0479422270609542,1.0565629510151258
7101,1.0490000000000002,1.0475787518613018,1.043302245348628
7102,1.0416,1.0453396429659096,1.030993270578071
7103,-0.13,0.2308555081976067,0.24697053625735066
7104,-0.2,0.28887958389071855,0.3904429849610125
7105,-0.123,0.30604395406896856,0.1358502732938831
7106,0.7361510000000001,0.7542580355202274,0.7405182703699168
7107,0.7527560000000002,0.7606565552437664,0.7507702898430115
7108,0.7738830000000002,0.7697068968600563,0.7630661967915575
7109,0.455,0.3144440736249621,0.462490031853541
7110,0.746,0.3533317106917053,0.48141590839313864
7111,0.57,0.3302779633001194,0.6222531573620955
7112,0.8293300000000002,0.8332557830845876,0.8285664095768638
7113,0.8425400000000002,0.8498876078083295,0.8413372640311813
7114,0.8635900000000002,0.8783132265398621,0.8620688764665879
7115,0.6006,0.5761425596005836,0.7917463244814513
7116,0.97,0.9595822209679454,1.300845945970508
7117,0.8628,0.7706072412178173,1.1831381252775088
7118,0.9712300000000004,0.9971453027539668,0.9952826757694717
7119,0.9213850000000002,0.926469779132779,0.9243706365550289
7120,0.8265540000000001,0.8107621343682464,0.8078317181759771
7121,-0.648,-0.48151531515922485,-0.3075338036077282
7122,-1.173,-0.951248452586011,-0.7404067780690138
7123,-0.469,-0.5425544029529981,-0.4476317186049332
7124,0.9456330000000004,0.9673613278277176,0.9555027991252364
7125,0.9066940000000002,0.9134104543935918,0.9048458900722272
7126,0.8582020000000002,0.8502962189316181,0.8457611257378034
7127,-0.54,-0.5391246966876295,-0.43986193892023095
7128,-0.816,-0.7846934023732501,-0.7430763902656139
7129,-0.672,-0.6704097389142447,-0.6152381832466567
7130,0.9918800000000002,1.0190642067264695,0.9891989767704977
7131,0.9627600000000002,1.021375587668004,0.9809149867889753
7132,0.9345300000000002,1.0183940498369708,0.9697554342761084
7133,0.6740500000000001,0.6828042400709974,0.6758803150697279
7134,0.7379200000000001,0.7621824976214789,0.7484403094064388
7135,0.8359400000000002,0.882134764686065,0.8560364341504862
7136,1.154,1.672901608372996,1.6001222986109696
7137,1.876,1.9841877944033968,2.0420013438344427
7138,1.433,1.6978603050461345,1.5969095318016926
7139,0.6707000000000002,0.6745639391561516,0.6690563947699177
7140,0.7333000000000002,0.7507548634328368,0.7418820831821012
7141,0.7971000000000003,0.8294438536797418,0.8152957866548354
7142,1.051,1.4935731770733867,1.4887939850349738
7143,1.354,1.8218654779644652,1.8559779140997676
7144,1.016,1.4133516611383925,1.3018957298453842
7145,0.8484000000000002,0.879060574053159,0.8631516123642684
7146,0.6792300000000002,0.680865988840635,0.6764197570824786
7147,0.7417500000000001,0.7550017901575076,0.7471926309591077
7148,0.553,0.8370806385352978,0.878090775067335
7149,0.96,1.306501197015308,1.3347706136550528
7150,1.099,1.5743550906761357,1.431665850855083
7151,0.7446230000000003,0.7582417659480215,0.7470966021875409
7152,0.7590400000000002,0.7643979926850754,0.7561178123186464
7153,0.7771510000000001,0.7713819588035608,0.766564036356988
7154,0.334,0.08934706215806898,0.07305824370317282
7155,0.397,0.08636889097827805,0.09512246788580825
7156,0.299,0.3145134178459159,0.12152361251418142
7157,0.7614750000000002,0.773101726881777,0.7638959861446385
7158,0.7693960000000002,0.7750246346930558,0.7673081782175581
7159,0.7810500000000001,0.7763052329664838,0.7710423567203338
7160,0.425,0.21654765802480114,0.1275705968514842
7161,0.619,0.22629024619627103,0.2578291407307205
7162,0.417,0.3384984722022182,0.17550269984093347
7163,1.0465000000000002,1.0254592648966079,1.0483598690044604
7164,0.9877000000000002,0.9680281396408018,0.9851549426788717
7165,0.9468000000000002,0.9284667091411914,0.9414243159615527
7166,-0.0046,-0.019623445171419007,-0.051610010244246496
7167,-0.0057,-0.08624950146648303,-0.05456563859360131
7168,-0.0036,-0.008209693094983095,-0.0024783917148454293
7169,0.9281000000000004,0.9186932697881564,0.9094839144865317
7170,0.9073000000000002,0.9104584331974038,0.8965763034940765
7171,0.8972200000000002,0.9067948142410974,0.8904679506673724
7172,0.11325,0.1082466047238313,0.12957664900784494
7173,0.15813,0.09963740781290653,0.03210434168198617
7174,0.12811,0.1321085799825994,0.03151407341424317
7175,0.8183900000000002,0.8117688436675855,0.8057229782621588
7176,0.8386000000000002,0.8404467047224963,0.8298115859546622
7177,0.8602600000000002,0.8720746635024798,0.8554543928465187
7178,0.06014,0.09501052279142641,0.006939744234898626
7179,0.09128,0.23926061929424236,0.16255061837227913
7180,0.08245,0.219668808461293,0.1312958313834116
7181,0.8221200000000002,0.8175868947011968,0.8130617438234018
7182,0.8396100000000002,0.8422047390526566,0.832095269933724
7183,0.8534200000000002,0.8614759657494637,0.8482224902493132
7184,0.03429,0.24224004214600825,0.11660017079005058
7185,0.05773,0.3048979555884017,0.14002381963165078
7186,0.05587,0.32234438850167635,0.16465902748861083
7187,0.8943440000000002,0.900840723534752,0.8898230343498618
7188,0.8836400000000002,0.9075471180602365,0.8953800098603327
7189,0.8787300000000002,0.8996815417060195,0.888837535493744
7190,0.8732900000000001,0.8907370499037627,0.8810648732959007
7191,0.139,0.13789732810417998,0.16542453924664668
7192,0.154,0.18753063515886126,0.08581640788915834
7193,0.114,0.16898444459943818,0.16601979910714704
7194,0.8467600000000002,0.8392555538233475,0.8301190032998119
7195,0.9166100000000004,0.9196087101013318,0.9022611584957282
7196,0.9591400000000002,0.9673706030668031,0.9436833319274202
7197,-0.0999,0.17415421666125042,0.13494812156729097
7198,-0.1675,0.24036564943467198,0.23026055751214614
7199,-0.0861,0.22181059891457267,0.15108043880055533
7200,0.9652800000000002,0.9631285847253218,0.9514445057177545
7201,0.9954700000000004,1.0171027786001707,0.9986468628775528
7202,1.02957,1.0809925323889458,1.0528716799992182
7203,-0.00853,-0.07355314756652831,-0.07622403450953641
7204,-0.02181,-0.07615000239489689,-0.0999588947700829
7205,-0.02292,-0.06721418487040864,-0.05237561037964156
7206,0.8687200000000003,0.8765687260232922,0.8670742211865473
7207,0.9078200000000004,0.9288386139316729,0.9140997839816353
7208,0.9625500000000002,1.0025843721424428,0.9808650214034431
7209,0.17755,0.28430570032142555,0.16284532293973086
7210,0.21077,0.2939981288316815,0.19580352221200314
7211,0.17046,0.3834833074785067,0.1984677422879173
7212,0.8445200000000002,0.8461147282818091,0.8406039543243824
7213,0.8936300000000003,0.91101293560567,0.8990369783257697
7214,0.9696500000000002,1.014107614817806,0.9912709808266138
7215,0.2754,0.48637834997215634,0.2807519585606144
7216,0.43148,0.6633007063335867,0.5268656174110049
7217,0.37402,0.6777851289823502,0.516778436579628
7218,1.0032600000000005,0.9992660324597264,0.9973655970758446
7219,0.9943600000000002,0.9925686293788434,0.9859788016987102
7220,0.9869000000000002,0.9868922641769734,0.9773482221657814
7221,0.688,0.4093923326221329,0.711752880225788
7222,1.0457,0.61275880330723,0.8765928137338506
7223,1.1154,0.5948636209574261,0.7086508087178913
7224,0.9885500000000002,0.9858288289809679,0.9825454042012359
7225,0.9852700000000002,0.9842186150425327,0.9779396182507881
7226,0.9827800000000002,0.9828530429574173,0.9739914841562632
7227,0.6076,0.7211716131017738,0.5345768726688789
7228,1.0293,0.9148346060524943,1.0140389958915819
7229,1.1088,0.8707191035661026,0.9860300633557983
7230,1.02761,1.0248130052858198,1.023711632259869
7231,0.9925100000000002,0.9900593190087809,0.9868935134967705
7232,0.9686500000000002,0.9680781785563458,0.9631798266654359
7233,0.1901,0.16264223041602577,0.04769521065338722
7234,1.0561,0.7877085554000303,0.7789816477432225
7235,1.083,0.6747190231903062,0.6830132747469406
7236,0.9909900000000004,0.9871866064520269,0.9855010522153277
7237,0.9803700000000002,0.9774710126973666,0.9744181048217165
7238,0.9624400000000004,0.9621287340917526,0.9564574622043479
7239,0.6669,0.33334501395071925,0.6293914836014665
7240,1.0249,0.620058645175618,0.8405310761055489
7241,1.1427,0.590457494507973,0.8971865688892819
7242,0.9832000000000004,0.97999688960334,0.9783345540345382
7243,0.9715100000000002,0.9697022598391388,0.9669562098755927
7244,0.9634300000000002,0.9619887321092394,0.9588186326284959
7245,0.7,0.5745482472476056,1.0972429454266432
7246,0.989,0.6267116609292032,1.0753476117600087
7247,1.1164,0.6141742433752597,0.8611266888958369
7248,1.0180000000000002,1.0156637521953809,1.0116586945381294
7249,1.0069400000000004,1.0054156706768596,0.9991215550754772
7250,0.9915900000000004,0.9915600881718192,0.9815812424404867
7251,0.6199,0.43995463815579683,0.622082919291671
7252,0.9688,0.6274118994064395,0.9678764322527798
7253,1.0539,0.6370751991164525,0.862231742191085
7254,0.8797000000000003,0.9017978457512567,0.891043305642031
7255,0.8829000000000002,0.9071957918133512,0.8954233759568411
7256,0.8889000000000001,0.91651797182948,0.9034217735177551
7257,0.0594,0.10155303661292536,0.09548133608014897
7258,0.076,0.09238253972691268,0.09375949429328401
7259,0.0524,0.006169565397350141,0.0353203320571609
7260,0.8499000000000002,0.8604096815790098,0.8594209160848143
7261,0.9005900000000002,0.9152616048233394,0.9129643827978505
7262,0.9274800000000002,0.9463591289297089,0.943869499367051
7263,0.876,-0.11500439471299728,0.5573928420030541
7264,1.109,-0.2550028356581038,0.7200101807487727
7265,1.0,-0.2039635821267325,0.5997491173966409
7266,0.9633500000000004,0.9637389745407356,0.9473837458664673
7267,0.9849200000000002,1.006570353866181,0.9791380917256275
7268,1.0081000000000002,1.0538355036575267,1.0127740578684714
7269,0.04589,-0.03886191658872917,-0.07991521377610411
7270,0.07457,0.012827529946221716,-0.0006695203277615747
7271,0.07097,0.07616802591900296,0.0627675280293829
7272,0.8442800000000001,0.844554106510273,0.8338605795617166
7273,0.90478,0.9253860065336335,0.9025464215291473
7274,0.9692000000000004,1.0133722412202861,0.975048642003173
7275,0.1704,0.3408441256231143,0.14160985995378894
7276,0.26523,0.5253792986265182,0.25577786396844715
7277,0.23761,0.4274508828730461,0.2693777400970703
7278,0.8420800000000003,0.8433698617584173,0.8349289186495636
7279,0.8916700000000002,0.9090840784899161,0.8903425072267667
7280,0.9576500000000002,0.9979850235844717,0.9628236999510006
7281,0.2911,0.6042137860115417,0.3283000373535998
7282,0.4509,0.791862857593074,0.5553392875417984
7283,0.4064,0.7589272786013623,0.5778838920552118
7284,0.8314450000000002,0.8239557422953997,0.8291089149157422
7285,0.7937390000000002,0.7986463573619288,0.800348358541613
7286,0.7696300000000001,0.7829722656928673,0.7814763793216978
7287,-0.0324,-0.06609622277602512,-0.12412594996041548
7288,-0.046,-0.072879974824275,-0.15852710636367817
7289,-0.0348,-0.08500859975741548,-0.09440484871726085
7290,1.0309000000000004,1.0605077451761349,1.032134360352556
7291,1.0255000000000003,1.0783622323735267,1.0425261522898974
7292,1.0057000000000005,1.0886094469736378,1.044485999337363
7293,-2.758,-0.8884633773415,-1.0464711492466385
7294,-3.131,-1.395448947002052,-1.730068636843825
7295,-1.753,-0.9535699974019565,-1.247583406680235
7296,1.1339800000000002,1.0656701187791664,1.112184497236146
7297,1.0366800000000005,0.995603722014176,1.0277378987818373
7298,0.8962800000000002,0.8877026313053161,0.9017249773210705
7299,1.248,1.211618147099685,1.172930689995198
7300,1.207,1.107664942868496,1.0952898533460598
7301,0.891,0.8197296410896655,0.8191540276892226
7302,0.8711500000000002,0.8671142856962055,0.8671619634441584
7303,0.94503,0.9342477311969036,0.9355505156690532
7304,1.0575900000000005,1.0336786067930182,1.0359903050244026
7305,0.2356,1.3158157471102676,1.2092918788178046
7306,0.2326,1.6696134882688014,1.6139475062655073
7307,0.0949,0.8415320992603057,0.7283002411875117
7308,0.8623100000000001,0.8698025157761311,0.8722083819025419
7309,0.9431100000000002,0.9407206610411702,0.9413115785289037
7310,1.0078300000000002,0.9946301828409868,0.9957958508682948
7311,0.2989,1.4274368558236148,1.6375219363723623
7312,0.2775,1.6943272499637079,1.921144708219252
7313,0.1798,1.3456984575345459,1.4002892739765826
7314,0.8505700000000003,0.8711374590325466,0.8782495491076814
7315,0.9282800000000002,0.9362999579805111,0.9410343445345195
7316,1.0036300000000002,0.9966514496283646,1.0013956284713261
7317,0.3774,1.6652593144752288,1.7951550099459723
7318,0.4323,1.93119476909105,1.975784007131253
7319,0.2874,1.361646462697081,1.4751692816980437
7320,0.7942000000000002,0.7885764259805358,0.7883277537007338
7321,0.7785600000000001,0.7770791150381448,0.77643601767864
7322,0.7688300000000002,0.7694725737288451,0.769603931647468
7323,0.321,0.60161521645081,0.3808472614990066
7324,0.533,0.9192926021276264,0.704538534806602
7325,0.574,0.9352688942921503,0.793095554526289
7326,0.7173600000000002,0.7203916812935562,0.7176016500050186
7327,0.7207300000000002,0.7271213446571786,0.7226125546955434
7328,0.7281100000000001,0.7431501950438687,0.7348433801930334
7329,0.345,0.6790948308177462,0.6142427908676495
7330,0.486,0.9555072374627684,0.9144701480106505
7331,0.371,0.7495945844932095,0.7348845322351565
7332,0.6818000000000001,0.6632958557271624,0.6675697406318605
7333,0.7340000000000002,0.7192123845184502,0.7216650790321275
7334,0.7924000000000002,0.7899685522826345,0.7909244247548533
7335,0.2829,0.6885332031965419,0.40216269532035653
7336,0.56098,1.034462985995674,0.7045397394409036
7337,0.63978,1.155166380069474,0.7887024324381002
7338,0.6899770000000002,0.6708212113811042,0.6743190969595978
7339,0.7176450000000002,0.7029139027315447,0.7054661338996961
7340,0.7704980000000002,0.7657421843458346,0.7664192604117657
7341,0.192,0.5598784301040567,0.21997941161163226
7342,0.595,1.081215365639295,0.7877522052072834
7343,0.682,1.1381140047339642,0.777691925961264
7344,-6.588,-3.9306075122365733,-4.072821577813954
7345,-5.544,-3.2167516969715475,-3.8123842860533133
7346,-2.233,-1.5580122307398554,-1.4895205710821315
